date,temp_mean,temp_max,temp_min,precip
2011-01-22,13.0,20.7,6.9,0.0
2011-01-23,13.4,22.4,7.3,0.0
2011-01-24,13.3,22.6,6.5,0.0
2011-01-25,14.1,23.2,8.0,0.0
2011-01-26,14.3,23.9,7.8,0.0
2011-01-27,14.1,24.3,7.0,0.0
2011-01-28,14.2,22.9,7.3,0.0
2011-01-29,11.7,18.1,6.1,0.0
2011-01-30,10.1,13.1,7.6,1.0
2011-01-31,10.8,18.9,4.3,0.0
2011-02-01,10.1,17.2,4.9,0.0
2011-02-02,8.7,16.4,2.1,0.0
2011-02-03,8.8,17.9,1.6,0.0
2011-02-04,10.7,20.7,3.0,0.0
2011-02-05,13.2,21.8,6.6,0.0
2011-02-06,15.6,25.6,7.8,0.0
2011-02-07,15.2,24.3,8.5,0.0
2011-02-08,13.2,19.4,8.6,0.0
2011-02-09,11.8,20.2,4.1,0.0
2011-02-10,12.0,21.3,4.3,0.0
2011-02-11,13.4,24.3,4.7,0.0
2011-02-12,15.5,26.6,6.9,0.0
2011-02-13,14.1,23.2,7.1,0.0
2011-02-14,12.1,18.1,6.7,0.0
2011-02-15,12.8,15.7,10.0,1.4
2011-02-16,11.7,14.0,8.4,6.9
2011-02-17,8.8,12.9,3.4,0.0
2011-02-18,9.7,15.0,5.9,21.4
2011-02-19,8.5,11.2,6.3,11.5
2011-02-20,7.8,14.1,2.0,0.4
2011-02-21,8.3,13.5,3.7,0.0
2011-02-22,8.7,14.7,4.2,0.0
2011-02-23,8.6,13.5,3.6,0.0
2011-02-24,9.0,13.4,4.5,0.0
2011-02-25,8.5,11.2,5.5,10.5
2011-02-26,7.7,10.6,2.2,13.6
2011-02-27,5.9,13.2,-0.8,0.0
2011-02-28,8.4,16.8,0.9,0.0
2011-03-01,9.5,16.3,3.0,0.0
2011-03-02,10.2,15.1,4.7,0.4
2011-03-03,13.5,18.7,9.9,0.0
2011-03-04,14.1,23.1,6.9,0.0
2011-03-05,15.7,24.9,8.1,0.0
2011-03-06,13.4,18.3,8.7,0.0
2011-03-07,12.6,16.2,10.0,1.0
2011-03-08,13.2,21.5,6.2,0.0
2011-03-09,16.6,26.7,8.3,0.0
2011-03-10,16.7,25.7,9.0,0.0
2011-03-11,14.6,21.1,9.3,0.0
2011-03-12,13.2,18.8,9.1,0.0
2011-03-13,13.8,20.5,7.6,0.0
2011-03-14,16.3,24.6,9.1,0.0
2011-03-15,17.3,27.2,9.9,0.0
2011-03-16,16.2,21.0,12.5,0.0
2011-03-17,15.8,23.1,10.3,0.0
2011-03-18,12.9,19.6,6.1,0.0
2011-03-19,11.6,15.3,9.1,2.0
2011-03-20,10.2,11.2,9.3,53.1
2011-03-21,9.3,13.4,6.1,8.0
2011-03-22,9.3,13.8,5.3,0.0
2011-03-23,9.1,15.3,4.5,9.8
2011-03-24,9.1,12.5,3.7,3.6
2011-03-25,11.0,14.4,8.0,7.6
2011-03-26,10.0,13.1,7.0,0.0
2011-03-27,11.8,15.4,9.3,1.3
2011-03-28,12.5,18.3,7.3,0.0
2011-03-29,14.8,22.5,7.6,0.0
2011-03-30,18.6,27.7,10.5,0.0
2011-03-31,21.7,31.7,13.2,0.0
2011-04-01,21.0,29.3,13.9,0.0
2011-04-02,16.4,20.3,13.1,0.0
2011-04-03,13.9,18.0,11.3,0.1
2011-04-04,17.1,25.8,8.9,0.0
2011-04-05,16.3,24.2,10.1,0.0
2011-04-06,15.1,20.3,11.1,0.0
2011-04-07,12.1,15.9,7.6,1.2
2011-04-08,8.4,13.0,5.3,2.5
2011-04-09,9.1,14.4,3.0,0.0
2011-04-10,11.7,19.3,4.4,0.0
2011-04-11,14.8,22.7,8.0,0.0
2011-04-12,14.3,20.6,8.4,0.0
2011-04-13,13.4,17.3,10.4,0.1
2011-04-14,15.8,25.6,6.2,0.0
2011-04-15,20.1,30.6,10.5,0.0
2011-04-16,22.3,32.3,13.2,0.0
2011-04-17,19.3,26.1,12.9,0.0
2011-04-18,15.5,18.5,13.2,0.0
2011-04-19,15.4,20.8,11.9,0.0
2011-04-20,15.4,20.8,12.4,0.3
2011-04-21,14.6,19.3,10.9,0.0
2011-04-22,14.9,21.2,10.1,0.0
2011-04-23,14.8,20.5,10.7,0.0
2011-04-24,13.7,17.5,10.5,0.2
2011-04-25,17.0,24.9,9.3,0.0
2011-04-26,18.5,27.5,9.9,0.0
2011-04-27,20.7,30.3,11.0,0.0
2011-04-28,20.6,28.3,13.1,0.0
2011-04-29,18.6,25.2,11.3,0.0
2011-04-30,18.5,25.8,10.4,0.0
2011-05-01,19.3,28.9,9.3,0.0
2011-05-02,21.4,31.7,10.4,0.0
2011-05-03,23.7,34.2,12.6,0.0
2011-05-04,23.8,34.2,13.9,0.0
2011-05-05,22.1,31.1,13.4,0.0
2011-05-06,19.6,25.5,14.8,0.0
2011-05-07,16.3,21.9,11.1,0.0
2011-05-08,13.7,16.8,11.7,0.0
2011-05-09,13.1,17.1,9.3,0.0
2011-05-10,14.7,21.3,7.4,0.0
2011-05-11,16.1,23.2,9.0,0.0
2011-05-12,19.1,27.4,10.7,0.0
2011-05-13,18.6,25.4,12.9,0.0
2011-05-14,15.7,20.6,12.3,0.0
2011-05-15,13.4,17.4,10.3,1.9
2011-05-16,12.7,17.7,7.4,0.0
2011-05-17,12.8,16.4,10.7,2.5
2011-05-18,14.0,18.0,11.2,0.9
2011-05-19,14.9,21.6,8.5,0.0
2011-05-20,16.2,22.4,9.0,0.0
2011-05-21,17.4,24.3,10.6,0.0
2011-05-22,16.3,22.4,10.8,0.0
2011-05-23,14.8,18.4,12.0,0.2
2011-05-24,16.0,22.6,9.3,0.0
2011-05-25,17.8,24.6,10.1,0.0
2011-05-26,17.6,23.8,10.2,0.0
2011-05-27,19.8,27.1,11.2,0.0
2011-05-28,18.1,24.0,13.3,0.0
2011-05-29,16.0,22.0,11.8,0.2
2011-05-30,17.6,25.7,8.2,0.0
2011-05-31,18.1,25.7,9.6,0.0
2011-06-01,17.0,22.6,10.9,0.0
2011-06-02,18.5,26.7,9.1,0.0
2011-06-03,17.8,25.1,10.2,0.0
2011-06-04,16.2,21.7,11.7,0.0
2011-06-05,16.6,21.7,11.0,1.4
2011-06-06,16.1,22.0,12.2,0.4
2011-06-07,17.4,23.8,10.8,0.0
2011-06-08,16.9,23.0,12.1,0.0
2011-06-09,17.5,23.4,13.1,0.0
2011-06-10,17.4,23.6,11.8,0.0
2011-06-11,17.3,23.3,12.1,0.0
2011-06-12,17.5,23.2,12.5,0.0
2011-06-13,18.7,24.8,13.0,0.0
2011-06-14,21.0,28.0,13.8,0.0
2011-06-15,20.1,26.4,15.1,0.0
2011-06-16,18.4,23.8,13.9,0.0
2011-06-17,17.9,23.1,14.4,0.0
2011-06-18,18.2,25.1,12.8,0.0
2011-06-19,17.8,23.8,12.4,0.0
2011-06-20,22.1,30.3,14.6,0.0
2011-06-21,23.6,31.9,18.1,0.0
2011-06-22,23.6,30.7,18.4,0.0
2011-06-23,22.3,28.8,17.0,0.0
2011-06-24,21.3,27.5,15.4,0.0
2011-06-25,21.5,28.7,13.4,0.0
2011-06-26,22.2,29.1,14.2,0.0
2011-06-27,23.6,31.4,15.5,0.0
2011-06-28,22.1,27.5,17.5,0.0
2011-06-29,20.3,26.2,15.1,0.0
2011-06-30,21.9,30.1,12.5,0.0
2011-07-01,25.5,34.4,15.2,0.0
2011-07-02,26.6,34.8,19.6,0.0
2011-07-03,26.0,33.7,20.1,0.0
2011-07-04,25.5,32.7,19.3,0.0
2011-07-05,26.1,32.7,20.7,0.0
2011-07-06,26.5,33.2,21.1,0.0
2011-07-07,26.6,32.4,21.0,0.0
2011-07-08,25.1,31.4,19.8,0.0
2011-07-09,24.0,29.5,18.3,0.0
2011-07-10,23.2,29.3,18.1,0.0
2011-07-11,20.9,26.7,15.6,0.0
2011-07-12,19.9,26.3,14.5,0.0
2011-07-13,19.2,25.1,14.2,0.0
2011-07-14,18.8,24.2,15.1,0.0
2011-07-15,19.4,25.3,15.4,0.0
2011-07-16,19.9,26.3,13.5,0.0
2011-07-17,21.8,29.7,13.8,0.0
2011-07-18,24.3,32.6,16.4,0.0
2011-07-19,25.4,33.0,19.2,0.0
2011-07-20,23.8,31.6,16.1,0.0
2011-07-21,21.9,28.8,15.2,0.0
2011-07-22,20.8,28.0,14.1,0.0
2011-07-23,22.0,29.9,14.5,0.0
2011-07-24,23.9,32.1,16.6,0.0
2011-07-25,24.9,31.6,18.5,0.2
2011-07-26,24.2,29.7,19.1,0.4
2011-07-27,21.5,27.0,17.4,0.0
2011-07-28,22.2,28.7,17.0,0.0
2011-07-29,22.3,28.4,17.7,0.0
2011-07-30,23.0,30.3,17.3,0.2
2011-07-31,24.4,30.8,18.5,0.0
2011-08-01,26.4,33.7,19.2,0.0
2011-08-02,28.3,37.1,20.0,0.0
2011-08-03,27.0,34.2,21.1,0.0
2011-08-04,25.2,33.0,19.2,0.0
2011-08-05,22.8,29.7,16.8,0.0
2011-08-06,22.2,29.1,16.0,0.0
2011-08-07,23.3,31.0,16.4,0.0
2011-08-08,22.5,29.8,16.3,0.0
2011-08-09,21.7,28.2,16.5,0.0
2011-08-10,20.2,26.0,15.6,0.0
2011-08-11,20.1,26.7,14.6,0.0
2011-08-12,21.2,28.3,14.9,0.0
2011-08-13,22.5,29.5,16.9,0.0
2011-08-14,23.8,31.5,17.9,0.0
2011-08-15,24.1,31.3,18.8,0.0
2011-08-16,24.4,31.4,18.1,0.0
2011-08-17,25.2,32.9,17.6,0.0
2011-08-18,24.9,31.9,19.3,0.0
2011-08-19,22.5,28.3,17.3,0.0
2011-08-20,20.9,27.5,15.7,0.0
2011-08-21,21.4,28.8,15.4,0.0
2011-08-22,23.1,30.6,15.9,0.0
2011-08-23,26.1,34.6,18.6,0.0
2011-08-24,27.0,34.5,21.4,0.0
2011-08-25,28.8,37.2,21.6,0.0
2011-08-26,30.5,40.0,23.2,0.0
2011-08-27,30.4,38.7,23.8,0.0
2011-08-28,28.8,35.9,22.9,0.0
2011-08-29,27.6,34.7,22.7,0.0
2011-08-30,24.7,31.1,19.4,0.0
2011-08-31,22.3,29.3,16.7,0.0
2011-09-01,22.7,29.9,16.2,0.0
2011-09-02,24.2,31.3,18.9,0.0
2011-09-03,24.8,32.4,19.0,0.0
2011-09-04,24.5,30.5,18.4,0.0
2011-09-05,26.4,33.3,21.5,0.0
2011-09-06,28.3,36.7,19.7,0.0
2011-09-07,29.6,37.9,21.5,0.0
2011-09-08,28.4,36.2,21.9,0.0
2011-09-09,24.0,30.2,19.8,0.0
2011-09-10,20.0,24.8,16.6,0.3
2011-09-11,20.1,26.7,15.6,0.0
2011-09-12,22.0,31.1,13.8,0.0
2011-09-13,23.3,30.8,17.7,0.0
2011-09-14,22.0,27.7,17.6,0.0
2011-09-15,21.1,27.1,16.7,0.0
2011-09-16,19.8,25.6,15.8,0.0
2011-09-17,19.4,25.5,15.0,0.0
2011-09-18,22.3,31.2,14.6,0.0
2011-09-19,23.6,31.4,16.4,0.0
2011-09-20,22.9,30.2,17.8,0.0
2011-09-21,22.4,29.4,17.9,0.0
2011-09-22,23.7,33.6,16.1,0.0
2011-09-23,23.5,30.0,19.2,0.0
2011-09-24,20.7,25.6,16.8,0.3
2011-09-25,18.9,24.1,15.4,0.0
2011-09-26,20.0,26.9,14.6,0.0
2011-09-27,23.6,32.9,15.8,0.0
2011-09-28,22.1,29.6,16.6,0.0
2011-09-29,21.8,28.5,17.4,0.0
2011-09-30,22.1,29.1,14.9,0.0
2011-10-01,25.0,33.5,17.0,0.0
2011-10-02,24.8,31.4,19.0,0.0
2011-10-03,21.8,27.1,17.2,0.0
2011-10-04,16.8,20.8,14.7,0.8
2011-10-05,14.5,16.1,11.8,17.7
2011-10-06,13.9,18.3,9.7,0.0
2011-10-07,15.0,22.7,8.6,0.0
2011-10-08,17.1,25.0,9.9,0.0
2011-10-09,19.1,27.2,12.1,0.0
2011-10-10,18.9,26.3,12.5,0.0
2011-10-11,20.8,30.1,13.3,0.0
2011-10-12,25.3,36.5,16.7,0.0
2011-10-13,26.1,37.0,17.9,0.0
2011-10-14,22.9,30.9,17.7,0.0
2011-10-15,20.2,25.9,16.6,0.0
2011-10-16,20.5,27.4,15.4,0.0
2011-10-17,21.1,29.2,14.3,0.0
2011-10-18,20.7,28.1,14.6,0.0
2011-10-19,19.9,25.6,15.0,0.0
2011-10-20,17.8,23.2,14.5,0.0
2011-10-21,18.2,25.0,12.8,0.0
2011-10-22,21.3,31.0,13.6,0.0
2011-10-23,21.0,29.9,14.2,0.0
2011-10-24,18.2,23.6,15.0,0.0
2011-10-25,15.4,18.3,13.4,0.3
2011-10-26,17.2,24.0,12.9,0.0
2011-10-27,17.1,25.9,10.8,0.0
2011-10-28,18.1,28.3,9.9,0.0
2011-10-29,18.8,29.2,10.4,0.0
2011-10-30,20.4,31.2,11.2,0.0
2011-10-31,19.8,28.8,12.1,0.0
2011-11-01,17.9,24.7,12.2,0.0
2011-11-02,18.4,26.6,12.8,0.0
2011-11-03,15.9,22.9,10.1,0.4
2011-11-04,11.2,13.1,7.6,6.6
2011-11-05,9.8,15.5,4.8,0.0
2011-11-06,8.8,13.0,5.8,6.8
2011-11-07,10.1,17.5,4.1,0.0
2011-11-08,11.5,19.4,4.9,0.0
2011-11-09,13.4,23.6,5.7,0.0
2011-11-10,15.7,24.4,8.3,0.0
2011-11-11,15.7,22.2,11.9,0.0
2011-11-12,13.7,16.5,10.6,7.2
2011-11-13,14.8,21.6,9.2,0.0
2011-11-14,13.1,18.5,8.5,0.0
2011-11-15,13.8,18.7,10.3,0.0
2011-11-16,13.8,21.4,7.9,0.0
2011-11-17,14.6,22.8,8.5,0.0
2011-11-18,12.7,16.0,10.1,0.0
2011-11-19,12.0,14.8,9.9,0.4
2011-11-20,10.6,12.3,8.0,22.2
2011-11-21,10.0,15.6,5.3,0.0
2011-11-22,11.1,19.2,4.9,0.0
2011-11-23,11.7,17.7,6.8,0.0
2011-11-24,11.4,14.9,8.2,0.5
2011-11-25,11.6,19.4,6.3,0.0
2011-11-26,15.1,25.8,8.4,0.0
2011-11-27,15.9,26.4,9.3,0.0
2011-11-28,16.2,26.9,9.7,0.0
2011-11-29,16.7,26.3,11.3,0.0
2011-11-30,13.9,21.0,8.7,0.0
2011-12-01,12.3,17.9,8.3,0.0
2011-12-02,10.6,18.3,4.7,0.0
2011-12-03,9.8,16.9,4.3,0.0
2011-12-04,8.6,17.2,2.2,0.0
2011-12-05,9.0,17.4,2.9,0.0
2011-12-06,8.8,18.4,1.6,0.0
2011-12-07,9.9,20.0,2.1,0.0
2011-12-08,10.4,19.9,2.7,0.0
2011-12-09,12.3,22.2,4.9,0.0
2011-12-10,12.7,21.5,7.0,0.0
2011-12-11,10.2,15.3,6.4,0.0
2011-12-12,8.4,9.8,6.7,9.9
2011-12-13,9.4,15.4,4.6,0.7
2011-12-14,8.9,15.4,4.3,0.0
2011-12-15,7.8,13.2,2.9,0.0
2011-12-16,10.4,19.4,4.1,0.0
2011-12-17,11.0,18.5,5.8,0.6
2011-12-18,9.5,15.9,4.1,0.0
2011-12-19,9.2,12.6,6.7,2.4
2011-12-20,9.9,18.7,3.8,0.0
2011-12-21,9.8,17.0,4.0,0.0
2011-12-22,8.9,16.2,3.2,0.0
2011-12-23,9.2,20.1,1.8,0.0
2011-12-24,11.5,22.6,3.7,0.0
2011-12-25,12.4,23.5,4.9,0.0
2011-12-26,12.4,22.4,4.1,0.0
2011-12-27,11.7,21.4,4.3,0.0
2011-12-28,13.8,25.6,6.2,0.0
2011-12-29,15.3,25.0,8.9,0.0
2011-12-30,14.4,22.1,7.6,0.0
2011-12-31,15.0,26.6,6.6,0.0
2012-01-01,17.1,28.3,9.3,0.0
2012-01-02,17.2,28.1,9.7,0.0
2012-01-03,17.9,28.2,10.7,0.0
2012-01-04,18.5,30.1,10.4,0.0
2012-01-05,18.7,28.9,11.7,0.0
2012-01-06,15.9,24.4,10.1,0.0
2012-01-07,13.3,21.4,7.2,0.0
2012-01-08,13.1,22.7,5.0,0.0
2012-01-09,14.5,23.8,7.6,0.0
2012-01-10,13.0,21.0,6.5,0.0
2012-01-11,14.0,22.3,7.5,0.0
2012-01-12,15.5,24.0,9.5,0.0
2012-01-13,14.3,24.8,6.6,0.0
2012-01-14,13.4,21.7,6.9,0.0
2012-01-15,11.9,17.9,6.9,0.3
2012-01-16,9.9,13.3,7.0,0.1
2012-01-17,10.1,15.9,6.7,0.0
2012-01-18,10.1,18.7,2.7,0.0
2012-01-19,10.4,18.8,3.7,0.0
2012-01-20,11.2,17.5,5.5,0.0
2012-01-21,11.4,15.3,7.3,10.7
2012-01-22,9.3,14.8,4.9,0.0
2012-01-23,9.3,11.1,7.4,5.5
2012-01-24,11.7,20.4,5.7,0.0
2012-01-25,15.0,25.7,7.7,0.0
2012-01-26,16.7,27.0,9.4,0.0
2012-01-27,15.7,24.4,9.6,0.0
2012-01-28,14.9,24.9,7.3,0.0
2012-01-29,14.4,25.2,6.3,0.0
2012-01-30,12.6,21.3,5.5,0.0
2012-01-31,12.1,19.7,6.3,0.0
2012-02-01,12.7,19.6,7.9,0.0
2012-02-02,13.4,22.3,7.7,0.0
2012-02-03,13.0,21.8,5.9,0.0
2012-02-04,13.6,22.4,6.2,0.0
2012-02-05,14.3,23.4,6.1,0.0
2012-02-06,14.8,22.5,7.7,0.0
2012-02-07,14.1,18.3,11.0,0.0
2012-02-08,16.1,25.6,8.2,0.0
2012-02-09,17.9,28.4,9.5,0.0
2012-02-10,15.4,23.1,8.4,0.0
2012-02-11,12.3,15.6,9.1,0.7
2012-02-12,11.9,17.1,8.0,0.0
2012-02-13,10.4,14.5,7.3,0.1
2012-02-14,9.5,16.4,3.2,0.0
2012-02-15,8.5,12.7,4.7,1.0
2012-02-16,11.5,21.0,3.5,0.0
2012-02-17,13.2,23.6,4.9,0.0
2012-02-18,11.1,17.6,4.9,0.0
2012-02-19,11.9,17.8,7.4,0.0
2012-02-20,10.9,18.4,6.2,0.0
2012-02-21,14.3,24.8,5.3,0.0
2012-02-22,17.7,29.1,9.3,0.0
2012-02-23,17.3,27.9,8.3,0.0
2012-02-24,17.1,27.2,9.6,0.0
2012-02-25,15.0,22.6,9.9,0.0
2012-02-26,12.4,20.4,6.6,0.0
2012-02-27,10.1,12.3,6.9,3.2
2012-02-28,8.3,13.3,3.6,0.0
2012-02-29,8.9,16.0,2.0,0.0
2012-03-01,11.3,17.3,8.0,0.0
2012-03-02,12.9,22.7,4.3,0.0
2012-03-03,15.6,26.8,5.4,0.0
2012-03-04,19.5,31.4,9.2,0.0
2012-03-05,18.8,28.3,11.2,0.0
2012-03-06,13.1,17.0,8.8,0.0
2012-03-07,11.4,19.9,4.7,0.0
2012-03-08,14.8,26.1,4.3,0.0
2012-03-09,18.4,29.6,8.4,0.0
2012-03-10,15.9,25.1,8.2,0.0
2012-03-11,12.3,18.3,8.2,0.0
2012-03-12,12.4,19.2,7.0,0.0
2012-03-13,12.3,18.9,5.8,0.0
2012-03-14,13.0,19.7,6.7,0.0
2012-03-15,13.8,20.6,8.6,0.0
2012-03-16,12.8,18.3,8.4,0.0
2012-03-17,9.9,11.9,5.7,26.3
2012-03-18,7.8,12.2,4.3,0.7
2012-03-19,8.7,15.0,3.9,0.0
2012-03-20,11.5,19.8,4.2,0.0
2012-03-21,14.7,23.4,6.5,0.0
2012-03-22,15.2,22.2,9.0,0.0
2012-03-23,13.6,18.8,10.2,0.0
2012-03-24,12.8,18.6,8.8,0.0
2012-03-25,9.6,13.7,7.7,23.6
2012-03-26,10.6,15.1,7.1,0.7
2012-03-27,11.2,17.6,5.0,0.0
2012-03-28,12.3,18.9,5.7,0.0
2012-03-29,14.6,20.0,11.2,0.0
2012-03-30,14.6,20.2,8.9,0.0
2012-03-31,12.9,16.2,10.1,2.3
2012-04-01,12.8,19.2,6.4,0.1
2012-04-02,15.5,24.9,7.0,0.0
2012-04-03,16.5,25.1,8.3,0.0
2012-04-04,16.0,23.4,8.5,0.0
2012-04-05,14.0,20.0,7.7,0.0
2012-04-06,14.9,24.5,5.3,0.0
2012-04-07,18.0,29.5,7.3,0.0
2012-04-08,17.9,27.6,7.4,0.0
2012-04-09,17.2,27.1,8.2,0.0
2012-04-10,13.6,20.8,8.1,0.0
2012-04-11,12.4,16.0,10.3,15.7
2012-04-12,12.2,16.0,8.1,0.5
2012-04-13,10.3,12.3,7.5,23.5
2012-04-14,10.8,16.9,5.4,0.0
2012-04-15,12.3,19.3,4.8,0.0
2012-04-16,16.1,24.2,7.6,0.0
2012-04-17,18.3,26.5,9.9,0.0
2012-04-18,18.1,24.8,11.3,0.0
2012-04-19,18.7,26.3,10.8,0.0
2012-04-20,21.7,31.0,12.4,0.0
2012-04-21,21.3,28.8,15.3,0.0
2012-04-22,18.2,23.6,14.0,0.0
2012-04-23,14.6,19.3,10.9,0.0
2012-04-24,16.1,22.7,9.9,0.0
2012-04-25,19.3,29.0,13.4,0.4
2012-04-26,15.0,17.4,13.0,11.0
2012-04-27,16.4,22.8,12.5,0.0
2012-04-28,18.3,27.1,10.3,0.0
2012-04-29,18.2,24.6,11.6,0.0
2012-04-30,17.5,23.3,13.3,0.0
2012-05-01,14.8,18.3,11.8,0.0
2012-05-02,14.5,17.9,12.4,0.4
2012-05-03,15.4,19.9,11.8,0.0
2012-05-04,15.9,22.2,9.2,0.0
2012-05-05,17.6,26.1,9.5,0.0
2012-05-06,17.6,24.8,10.0,0.0
2012-05-07,19.7,27.9,11.7,0.0
2012-05-08,22.9,33.3,11.5,0.0
2012-05-09,22.5,30.8,13.4,0.0
2012-05-10,18.8,24.7,13.9,0.0
2012-05-11,17.1,23.7,10.7,0.0
2012-05-12,18.5,25.4,11.6,0.0
2012-05-13,19.2,26.9,11.8,0.0
2012-05-14,20.1,27.4,14.3,0.0
2012-05-15,19.3,26.6,11.8,0.0
2012-05-16,22.2,30.5,12.6,0.0
2012-05-17,21.2,27.1,15.7,0.0
2012-05-18,17.9,24.4,12.7,0.0
2012-05-19,19.8,27.2,13.5,0.0
2012-05-20,22.8,31.8,13.9,0.0
2012-05-21,24.1,31.5,18.1,0.0
2012-05-22,22.7,29.1,16.5,0.0
2012-05-23,20.8,27.3,15.7,0.0
2012-05-24,18.4,23.8,13.9,0.0
2012-05-25,15.6,19.0,11.6,1.9
2012-05-26,14.6,19.3,9.9,0.0
2012-05-27,17.6,25.0,8.9,0.0
2012-05-28,20.9,28.3,11.6,0.0
2012-05-29,20.7,27.8,12.9,0.0
2012-05-30,20.0,26.7,13.3,0.0
2012-05-31,22.5,30.3,13.5,0.0
2012-06-01,22.4,28.7,17.7,0.0
2012-06-02,19.9,26.5,14.6,0.0
2012-06-03,19.3,25.2,14.0,0.0
2012-06-04,18.4,23.3,14.1,0.0
2012-06-05,19.3,25.5,14.1,0.0
2012-06-06,21.1,29.7,11.6,0.0
2012-06-07,22.1,29.8,13.3,0.0
2012-06-08,21.2,26.5,17.0,0.0
2012-06-09,18.6,24.0,13.7,0.0
2012-06-10,18.9,25.3,12.9,0.0
2012-06-11,20.7,28.1,14.0,0.0
2012-06-12,21.6,28.2,15.4,0.0
2012-06-13,20.3,26.0,15.6,0.0
2012-06-14,19.0,25.4,13.3,0.0
2012-06-15,18.8,25.6,13.5,0.0
2012-06-16,21.2,27.0,14.9,0.0
2012-06-17,23.7,32.1,14.9,0.0
2012-06-18,22.6,29.7,17.5,0.0
2012-06-19,20.0,26.6,13.8,0.0
2012-06-20,20.6,27.0,14.7,0.0
2012-06-21,20.8,26.8,15.7,0.0
2012-06-22,20.1,26.9,13.1,0.0
2012-06-23,20.3,26.7,13.3,0.0
2012-06-24,21.4,28.8,13.9,0.0
2012-06-25,20.9,27.9,13.7,0.0
2012-06-26,21.8,30.0,13.2,0.0
2012-06-27,23.0,31.2,14.2,0.0
2012-06-28,23.7,31.8,16.4,0.0
2012-06-29,23.6,30.7,16.2,0.0
2012-06-30,22.9,29.8,15.7,0.0
2012-07-01,21.3,27.7,15.5,0.0
2012-07-02,21.3,27.8,15.7,0.0
2012-07-03,20.4,27.2,15.0,0.0
2012-07-04,19.8,25.7,14.8,0.0
2012-07-05,20.4,27.0,14.7,0.0
2012-07-06,21.3,28.4,15.1,0.0
2012-07-07,23.1,30.0,16.2,0.0
2012-07-08,24.3,32.0,17.4,0.0
2012-07-09,26.3,34.4,18.4,0.0
2012-07-10,27.5,35.9,20.9,0.0
2012-07-11,26.8,35.8,19.9,0.0
2012-07-12,25.9,31.5,20.1,0.2
2012-07-13,26.2,31.9,21.9,0.0
2012-07-14,24.5,30.8,18.7,0.0
2012-07-15,21.4,28.0,15.9,0.0
2012-07-16,19.2,25.6,14.0,0.0
2012-07-17,19.3,25.8,13.7,0.0
2012-07-18,22.6,30.1,13.9,0.0
2012-07-19,27.3,34.9,19.1,0.0
2012-07-20,26.8,34.4,19.2,0.0
2012-07-21,26.4,34.0,20.4,0.0
2012-07-22,25.5,33.4,19.4,0.0
2012-07-23,24.0,30.2,19.0,0.0
2012-07-24,22.8,29.8,17.2,0.0
2012-07-25,21.6,29.1,16.2,0.0
2012-07-26,21.5,29.2,15.7,0.0
2012-07-27,22.0,29.1,15.6,0.0
2012-07-28,22.6,30.4,15.3,0.0
2012-07-29,23.3,30.8,15.4,0.0
2012-07-30,23.4,30.4,17.0,0.0
2012-07-31,23.3,29.7,17.3,0.0
2012-08-01,23.8,30.4,17.1,0.0
2012-08-02,24.1,30.6,19.2,0.0
2012-08-03,22.6,27.9,17.7,0.0
2012-08-04,22.8,29.2,17.4,0.0
2012-08-05,25.2,32.9,18.8,0.0
2012-08-06,27.7,36.7,18.7,0.0
2012-08-07,28.4,36.0,20.3,0.0
2012-08-08,29.2,37.0,23.4,0.0
2012-08-09,29.3,36.8,21.8,0.0
2012-08-10,30.0,37.5,23.5,0.0
2012-08-11,29.7,37.4,23.8,0.0
2012-08-12,30.3,38.5,24.4,0.0
2012-08-13,29.8,37.3,24.0,0.0
2012-08-14,28.7,36.2,22.8,0.0
2012-08-15,27.1,34.4,20.1,0.0
2012-08-16,28.5,35.4,21.3,0.0
2012-08-17,29.2,36.7,22.8,0.0
2012-08-18,28.5,35.4,23.0,0.0
2012-08-19,28.0,35.3,22.0,0.0
2012-08-20,26.7,33.8,20.9,0.0
2012-08-21,25.2,30.8,20.9,0.0
2012-08-22,23.7,29.0,19.7,0.0
2012-08-23,23.6,29.9,18.5,0.0
2012-08-24,23.0,29.1,17.7,0.0
2012-08-25,22.0,28.5,17.5,0.0
2012-08-26,22.4,30.2,15.0,0.0
2012-08-27,25.1,34.4,15.8,0.0
2012-08-28,28.5,36.9,19.0,0.0
2012-08-29,28.8,36.8,22.9,0.0
2012-08-30,27.8,35.0,21.7,0.0
2012-08-31,26.8,33.3,21.6,0.0
2012-09-01,25.2,33.4,17.5,0.0
2012-09-02,24.7,33.9,15.9,0.0
2012-09-03,25.8,34.4,17.4,0.1
2012-09-04,27.3,35.3,20.8,0.0
2012-09-05,25.9,32.4,21.3,1.7
2012-09-06,25.4,31.5,19.9,0.0
2012-09-07,25.1,30.9,19.6,0.2
2012-09-08,26.7,34.5,20.3,1.2
2012-09-09,27.6,34.8,21.1,0.0
2012-09-10,25.3,32.1,21.0,0.0
2012-09-11,23.4,27.6,21.0,0.0
2012-09-12,24.6,31.6,19.4,0.0
2012-09-13,26.9,34.9,19.2,0.0
2012-09-14,29.2,38.8,19.3,0.0
2012-09-15,30.1,38.9,21.6,0.0
2012-09-16,26.2,32.6,21.4,0.0
2012-09-17,24.1,30.8,17.9,0.0
2012-09-18,24.9,32.9,17.5,0.0
2012-09-19,26.0,34.2,17.8,0.0
2012-09-20,27.0,35.3,18.9,0.0
2012-09-21,27.1,34.9,21.7,0.0
2012-09-22,26.6,34.2,21.0,0.0
2012-09-23,27.9,36.4,20.6,0.0
2012-09-24,25.1,31.7,19.8,0.0
2012-09-25,21.2,27.5,15.6,0.0
2012-09-26,21.5,28.8,15.3,0.0
2012-09-27,23.0,32.0,16.3,0.0
2012-09-28,24.1,32.3,16.9,0.0
2012-09-29,25.7,33.6,17.5,0.0
2012-09-30,27.5,37.3,18.7,0.0
2012-10-01,28.7,38.6,19.1,0.0
2012-10-02,28.0,37.7,19.8,0.0
2012-10-03,24.8,31.3,18.5,0.0
2012-10-04,21.0,27.4,16.1,0.0
2012-10-05,20.4,27.3,14.6,0.0
2012-10-06,21.1,27.9,14.9,0.0
2012-10-07,20.8,27.4,15.5,0.0
2012-10-08,19.8,26.1,14.3,0.0
2012-10-09,19.0,24.7,14.5,0.0
2012-10-10,17.9,22.6,15.0,0.0
2012-10-11,16.3,20.1,13.1,3.7
2012-10-12,15.7,20.3,11.6,0.1
2012-10-13,18.1,27.2,10.3,0.0
2012-10-14,23.4,34.2,14.3,0.0
2012-10-15,24.6,34.7,16.1,0.0
2012-10-16,24.3,34.7,15.7,0.0
2012-10-17,26.1,36.6,17.4,0.0
2012-10-18,22.0,26.5,18.3,0.0
2012-10-19,20.8,27.4,16.5,0.0
2012-10-20,18.5,22.9,15.5,0.0
2012-10-21,18.1,20.7,16.3,0.3
2012-10-22,16.6,19.2,14.7,1.0
2012-10-23,16.3,20.1,13.2,0.0
2012-10-24,16.5,24.6,9.7,0.0
2012-10-25,19.1,29.0,10.5,0.0
2012-10-26,21.1,30.0,14.1,0.0
2012-10-27,22.8,33.1,14.3,0.0
2012-10-28,22.0,31.8,14.2,0.0
2012-10-29,21.0,29.5,13.2,0.0
2012-10-30,19.8,27.6,12.7,0.0
2012-10-31,18.2,24.8,13.1,0.0
2012-11-01,16.1,22.2,11.8,0.0
2012-11-02,16.0,22.8,10.0,0.0
2012-11-03,18.3,27.0,10.6,0.0
2012-11-04,21.8,32.8,13.2,0.0
2012-11-05,24.0,34.5,16.0,0.0
2012-11-06,21.0,29.4,14.4,0.0
2012-11-07,18.3,24.5,13.3,0.0
2012-11-08,14.8,18.4,11.5,4.2
2012-11-09,12.8,16.0,9.4,0.1
2012-11-10,11.1,16.3,7.0,0.2
2012-11-11,11.0,19.2,4.3,0.0
2012-11-12,13.2,23.6,5.6,0.0
2012-11-13,16.1,27.5,7.4,0.0
2012-11-14,17.1,26.6,9.8,0.0
2012-11-15,15.4,20.6,11.7,0.0
2012-11-16,15.6,19.8,11.6,1.6
2012-11-17,15.2,18.4,13.1,5.6
2012-11-18,15.4,19.3,11.6,0.4
2012-11-19,14.2,20.3,10.0,0.0
2012-11-20,14.6,21.8,8.6,0.0
2012-11-21,14.5,21.3,9.5,0.0
2012-11-22,14.9,23.5,8.2,0.0
2012-11-23,17.6,27.8,10.3,0.0
2012-11-24,18.6,29.2,11.6,0.0
2012-11-25,16.4,23.7,11.1,0.0
2012-11-26,15.2,20.7,11.0,0.0
2012-11-27,14.9,23.0,10.0,0.0
2012-11-28,14.3,19.3,10.4,1.1
2012-11-29,15.0,17.0,13.2,2.4
2012-11-30,15.8,18.0,14.3,2.8
2012-12-01,15.8,18.5,14.1,0.0
2012-12-02,14.9,16.7,13.4,1.5
2012-12-03,15.5,18.7,12.4,8.6
2012-12-04,15.8,21.3,11.3,0.0
2012-12-05,14.4,21.0,9.6,0.0
2012-12-06,14.1,20.4,9.1,0.0
2012-12-07,14.5,21.9,10.0,0.0
2012-12-08,13.2,19.4,8.5,0.0
2012-12-09,12.7,19.9,7.5,0.0
2012-12-10,13.8,22.9,7.5,0.0
2012-12-11,13.0,20.7,7.1,0.0
2012-12-12,12.2,15.0,9.8,3.6
2012-12-13,10.8,13.5,7.2,3.3
2012-12-14,8.6,13.2,4.7,1.3
2012-12-15,9.0,14.2,3.5,1.2
2012-12-16,9.9,12.4,6.9,0.0
2012-12-17,12.4,15.4,10.6,0.5
2012-12-18,11.5,13.9,6.7,8.9
2012-12-19,7.2,14.0,1.7,0.0
2012-12-20,8.3,17.7,2.2,0.0
2012-12-21,9.4,17.2,3.1,0.0
2012-12-22,9.2,15.0,4.0,0.0
2012-12-23,11.5,14.1,9.7,0.2
2012-12-24,11.5,15.1,8.1,2.6
2012-12-25,10.6,15.6,7.1,0.0
2012-12-26,10.2,14.6,5.9,2.0
2012-12-27,8.3,15.1,3.2,0.0
2012-12-28,8.5,15.4,2.6,0.0
2012-12-29,6.9,10.9,3.5,6.7
2012-12-30,6.8,12.4,2.3,0.0
2012-12-31,6.9,13.9,1.5,0.0
2013-01-01,7.2,14.4,2.6,0.0
2013-01-02,8.7,18.3,2.4,0.0
2013-01-03,9.5,19.6,2.7,0.0
2013-01-04,9.2,18.0,2.5,0.0
2013-01-05,9.2,17.7,1.9,0.0
2013-01-06,9.1,12.5,6.1,0.6
2013-01-07,9.7,19.5,3.1,0.0
2013-01-08,12.4,22.8,5.6,0.0
2013-01-09,12.6,19.7,7.9,0.0
2013-01-10,9.3,12.4,4.4,1.6
2013-01-11,5.3,11.9,-0.4,0.0
2013-01-12,5.3,12.2,-0.4,0.0
2013-01-13,5.0,12.3,-0.8,0.0
2013-01-14,4.8,12.8,-1.9,0.0
2013-01-15,7.0,16.4,0.1,0.0
2013-01-16,10.2,21.1,2.6,0.0
2013-01-17,13.2,24.4,5.3,0.0
2013-01-18,14.3,25.3,6.0,0.0
2013-01-19,14.4,25.4,6.1,0.0
2013-01-20,14.8,26.2,6.2,0.0
2013-01-21,15.5,26.8,7.1,0.0
2013-01-22,16.2,27.2,7.6,0.0
2013-01-23,17.6,26.4,11.8,0.0
2013-01-24,14.5,17.7,12.4,7.2
2013-01-25,14.7,17.5,13.2,5.8
2013-01-26,14.4,18.8,11.4,5.5
2013-01-27,11.7,13.3,7.9,2.3
2013-01-28,8.0,14.7,2.2,0.0
2013-01-29,8.3,15.3,3.2,0.0
2013-01-30,10.8,19.2,4.0,0.0
2013-01-31,13.6,23.8,5.9,0.0
2013-02-01,14.3,23.3,7.0,0.0
2013-02-02,16.5,25.0,10.4,0.0
2013-02-03,17.6,25.0,11.5,0.0
2013-02-04,14.4,22.5,7.8,0.0
2013-02-05,12.8,17.6,9.6,0.0
2013-02-06,11.6,18.3,6.3,0.0
2013-02-07,10.8,16.3,5.5,0.0
2013-02-08,7.9,11.3,4.5,1.1
2013-02-09,7.2,13.4,1.7,0.0
2013-02-10,7.4,12.9,2.4,0.0
2013-02-11,9.2,16.9,2.4,0.0
2013-02-12,9.4,18.2,2.2,0.0
2013-02-13,11.2,21.2,3.3,0.0
2013-02-14,13.8,24.6,4.7,0.0
2013-02-15,16.6,27.4,7.6,0.0
2013-02-16,17.1,27.0,8.8,0.0
2013-02-17,13.4,21.1,6.9,0.0
2013-02-18,11.5,17.4,7.9,0.0
2013-02-19,9.3,12.0,7.0,5.0
2013-02-20,8.3,15.6,1.0,0.2
2013-02-21,8.8,15.6,3.4,0.1
2013-02-22,10.0,18.6,2.8,0.0
2013-02-23,10.6,18.0,3.5,0.0
2013-02-24,11.5,20.1,4.0,0.0
2013-02-25,11.2,20.5,3.6,0.0
2013-02-26,12.7,23.1,3.4,0.0
2013-02-27,14.9,24.6,6.1,0.0
2013-02-28,16.5,26.9,7.5,0.0
2013-03-01,19.2,30.2,9.7,0.0
2013-03-02,19.6,29.5,10.3,0.0
2013-03-03,16.4,21.2,11.0,0.0
2013-03-04,13.9,21.3,7.8,0.0
2013-03-05,13.1,19.3,9.2,0.0
2013-03-06,11.9,15.8,9.3,0.7
2013-03-07,12.0,14.7,9.9,0.6
2013-03-08,10.3,13.8,8.0,8.6
2013-03-09,12.1,19.5,6.6,0.0
2013-03-10,14.0,23.8,5.2,0.0
2013-03-11,15.7,25.4,6.5,0.0
2013-03-12,17.9,28.0,7.8,0.0
2013-03-13,20.6,31.7,10.1,0.0
2013-03-14,21.3,31.8,11.1,0.0
2013-03-15,20.5,27.6,15.1,0.0
2013-03-16,17.7,24.1,13.0,0.0
2013-03-17,16.0,23.4,8.9,0.0
2013-03-18,14.6,21.1,10.3,0.0
2013-03-19,15.1,21.6,8.5,0.0
2013-03-20,16.2,22.2,10.7,0.0
2013-03-21,16.2,23.7,8.7,0.0
2013-03-22,16.1,25.5,8.3,0.0
2013-03-23,16.1,25.3,7.4,0.0
2013-03-24,17.2,26.5,8.2,0.0
2013-03-25,18.1,25.8,10.5,0.0
2013-03-26,16.5,23.4,10.8,0.0
2013-03-27,14.7,21.4,9.5,0.0
2013-03-28,16.0,22.6,8.9,0.1
2013-03-29,17.5,25.1,9.9,0.0
2013-03-30,17.1,24.3,11.1,0.0
2013-03-31,14.5,18.2,11.3,2.1
2013-04-01,14.3,18.3,10.9,0.0
2013-04-02,16.1,23.2,11.0,0.0
2013-04-03,17.8,25.8,9.1,0.0
2013-04-04,17.7,24.7,12.7,0.1
2013-04-05,16.5,23.2,10.8,0.0
2013-04-06,16.9,24.0,11.4,0.0
2013-04-07,16.9,24.4,9.3,0.0
2013-04-08,15.2,20.6,11.1,0.4
2013-04-09,16.3,26.0,7.2,0.0
2013-04-10,19.1,30.0,9.2,0.0
2013-04-11,17.5,24.8,11.4,0.0
2013-04-12,17.7,24.8,10.3,0.0
2013-04-13,15.2,20.4,10.5,0.0
2013-04-14,13.9,18.7,10.7,0.0
2013-04-15,13.1,16.6,10.5,1.7
2013-04-16,14.2,20.8,8.7,0.0
2013-04-17,15.3,23.9,6.2,0.0
2013-04-18,17.9,27.6,8.4,0.0
2013-04-19,20.1,30.3,9.3,0.0
2013-04-20,21.4,32.4,10.3,0.0
2013-04-21,21.3,29.4,13.7,0.0
2013-04-22,17.8,24.8,13.3,0.0
2013-04-23,17.5,26.2,10.5,0.0
2013-04-24,15.5,20.6,11.3,0.0
2013-04-25,16.2,23.4,11.1,0.0
2013-04-26,18.0,26.0,9.3,0.0
2013-04-27,20.6,28.3,11.4,0.0
2013-04-28,21.2,28.5,15.6,0.0
2013-04-29,19.8,26.1,15.2,0.0
2013-04-30,16.5,21.7,12.0,0.0
2013-05-01,19.5,27.5,13.1,0.0
2013-05-02,24.3,33.9,13.9,0.0
2013-05-03,25.3,35.5,15.0,0.0
2013-05-04,19.6,25.6,14.1,0.0
2013-05-05,15.0,17.4,13.2,0.2
2013-05-06,15.7,19.4,12.8,3.6
2013-05-07,16.0,20.3,13.1,1.5
2013-05-08,15.8,19.9,10.7,0.0
2013-05-09,16.8,24.1,10.2,0.0
2013-05-10,19.9,27.5,11.4,0.0
2013-05-11,23.4,32.2,13.5,0.0
2013-05-12,26.5,35.4,15.4,0.0
2013-05-13,28.7,37.9,17.8,0.0
2013-05-14,23.3,29.8,16.5,0.0
2013-05-15,18.9,25.1,13.2,0.0
2013-05-16,18.0,24.1,12.9,0.0
2013-05-17,18.0,23.1,14.0,0.0
2013-05-18,18.9,25.5,14.2,0.0
2013-05-19,20.6,28.1,13.4,0.0
2013-05-20,22.6,30.9,12.5,0.0
2013-05-21,21.9,28.7,16.9,0.0
2013-05-22,18.7,24.7,13.5,0.0
2013-05-23,17.5,22.6,13.6,0.0
2013-05-24,17.8,23.7,12.7,0.0
2013-05-25,17.2,23.4,11.6,0.0
2013-05-26,17.4,23.5,11.3,0.0
2013-05-27,19.0,27.2,11.3,0.0
2013-05-28,21.5,29.0,14.5,0.0
2013-05-29,22.8,31.4,13.7,0.0
2013-05-30,21.9,27.5,16.0,0.0
2013-05-31,22.1,28.4,15.8,0.0
2013-06-01,24.1,32.9,15.6,0.0
2013-06-02,21.2,26.8,16.7,0.0
2013-06-03,19.5,25.9,14.3,0.0
2013-06-04,19.3,26.1,14.3,0.0
2013-06-05,19.9,27.2,13.8,0.0
2013-06-06,20.7,27.3,15.5,0.0
2013-06-07,21.2,28.4,15.6,0.0
2013-06-08,20.8,27.6,16.0,0.0
2013-06-09,19.9,27.8,14.3,0.0
2013-06-10,19.7,26.7,13.5,0.0
2013-06-11,22.7,32.0,14.0,0.0
2013-06-12,20.9,27.7,16.6,0.0
2013-06-13,20.9,27.2,13.8,0.0
2013-06-14,20.8,27.1,15.0,0.0
2013-06-15,19.8,26.3,14.1,0.0
2013-06-16,20.7,28.2,13.2,0.0
2013-06-17,22.7,29.8,16.1,0.0
2013-06-18,22.5,28.5,17.0,0.0
2013-06-19,22.0,29.4,14.1,0.0
2013-06-20,22.2,29.1,13.8,0.0
2013-06-21,22.3,28.6,16.6,0.0
2013-06-22,21.4,27.8,15.0,0.0
2013-06-23,19.5,24.8,14.4,0.0
2013-06-24,19.0,23.8,14.8,0.5
2013-06-25,21.4,26.8,16.1,0.0
2013-06-26,24.9,32.3,17.4,0.0
2013-06-27,26.8,34.9,18.9,0.0
2013-06-28,27.9,35.6,20.8,0.0
2013-06-29,29.5,37.7,20.6,0.0
2013-06-30,29.2,37.1,21.7,0.0
2013-07-01,28.0,34.6,21.5,0.0
2013-07-02,26.8,34.2,20.9,0.0
2013-07-03,26.0,32.9,20.5,0.0
2013-07-04,25.3,32.9,18.7,0.0
2013-07-05,23.6,30.8,18.7,0.0
2013-07-06,24.0,30.6,17.7,0.0
2013-07-07,25.4,33.2,18.4,0.0
2013-07-08,27.5,35.4,19.1,0.0
2013-07-09,27.2,34.7,20.0,0.0
2013-07-10,24.6,30.1,19.8,0.0
2013-07-11,23.1,29.3,19.5,0.4
2013-07-12,24.5,30.5,19.2,0.0
2013-07-13,25.0,32.0,18.4,0.0
2013-07-14,25.5,32.1,19.1,0.0
2013-07-15,26.0,32.5,20.3,0.0
2013-07-16,24.3,32.7,16.4,0.0
2013-07-17,25.2,33.6,16.0,0.0
2013-07-18,25.8,33.3,19.3,0.0
2013-07-19,25.1,31.6,19.7,0.0
2013-07-20,23.6,30.0,18.5,0.2
2013-07-21,21.8,27.7,18.8,0.4
2013-07-22,22.8,28.8,18.3,3.0
2013-07-23,23.3,29.3,18.8,0.0
2013-07-24,24.0,30.0,18.5,0.0
2013-07-25,23.9,31.3,18.2,0.0
2013-07-26,23.9,30.8,18.5,0.5
2013-07-27,24.2,30.1,19.3,0.0
2013-07-28,21.8,28.0,17.2,0.0
2013-07-29,21.0,28.3,14.3,0.0
2013-07-30,21.7,28.8,16.3,0.0
2013-07-31,21.1,28.0,15.3,0.0
2013-08-01,21.0,27.9,15.4,0.0
2013-08-02,21.2,28.0,14.4,0.0
2013-08-03,21.4,29.0,14.1,0.0
2013-08-04,22.2,29.3,16.0,0.0
2013-08-05,22.9,31.0,16.3,0.0
2013-08-06,21.8,28.6,15.6,0.0
2013-08-07,21.9,29.2,15.5,0.0
2013-08-08,21.6,29.0,14.6,0.0
2013-08-09,21.0,28.1,15.1,0.0
2013-08-10,20.6,27.1,14.7,0.0
2013-08-11,21.5,29.3,15.0,0.0
2013-08-12,22.3,30.3,16.2,0.0
2013-08-13,23.7,31.8,17.1,0.0
2013-08-14,25.4,33.5,18.8,0.0
2013-08-15,25.5,33.0,18.7,0.0
2013-08-16,26.3,33.2,20.1,0.0
2013-08-17,26.8,34.4,20.4,0.0
2013-08-18,25.8,34.4,19.6,0.0
2013-08-19,24.7,31.1,19.4,0.0
2013-08-20,25.3,33.0,19.4,0.0
2013-08-21,26.7,34.1,20.8,0.0
2013-08-22,27.6,35.9,21.2,0.0
2013-08-23,27.1,34.8,21.2,0.0
2013-08-24,25.3,33.5,18.2,0.0
2013-08-25,25.5,34.0,17.0,0.0
2013-08-26,26.9,33.2,20.6,0.5
2013-08-27,28.1,33.7,22.7,0.0
2013-08-28,28.2,35.6,21.0,0.0
2013-08-29,29.5,36.4,22.3,0.0
2013-08-30,29.4,34.4,25.6,0.0
2013-08-31,28.0,32.4,24.5,1.3
2013-09-01,26.8,32.4,23.1,0.2
2013-09-02,27.1,33.7,21.8,1.2
2013-09-03,28.9,35.5,22.4,0.3
2013-09-04,29.8,38.0,21.7,0.0
2013-09-05,30.2,37.8,22.4,0.0
2013-09-06,30.3,37.3,22.2,0.0
2013-09-07,30.0,37.4,23.7,0.0
2013-09-08,27.0,34.2,21.2,0.0
2013-09-09,24.6,31.9,20.0,0.0
2013-09-10,22.0,28.9,16.4,0.0
2013-09-11,21.7,28.3,15.4,0.0
2013-09-12,24.0,32.3,16.6,0.0
2013-09-13,25.1,33.2,17.1,0.0
2013-09-14,26.5,34.8,18.1,0.0
2013-09-15,27.6,36.2,19.2,0.0
2013-09-16,27.0,35.7,19.7,0.0
2013-09-17,23.4,30.4,18.4,0.0
2013-09-18,20.9,27.3,16.3,0.0
2013-09-19,21.3,28.7,14.2,0.0
2013-09-20,20.4,26.0,16.7,0.0
2013-09-21,19.3,25.3,15.2,0.0
2013-09-22,20.5,28.2,14.1,0.0
2013-09-23,23.7,34.3,14.1,0.0
2013-09-24,23.9,32.0,17.1,0.0
2013-09-25,19.5,25.5,14.6,0.0
2013-09-26,19.2,26.1,15.3,0.0
2013-09-27,20.6,30.2,11.6,0.0
2013-09-28,22.7,32.7,13.7,0.0
2013-09-29,22.2,31.5,13.9,0.0
2013-09-30,22.4,31.6,13.7,0.0
2013-10-01,21.2,28.5,15.4,0.0
2013-10-02,19.2,25.2,14.3,0.0
2013-10-03,18.0,24.1,13.8,0.0
2013-10-04,21.3,30.2,12.7,0.0
2013-10-05,22.7,33.1,12.2,0.0
2013-10-06,23.5,34.2,13.9,0.0
2013-10-07,21.8,30.3,14.8,0.0
2013-10-08,17.5,23.5,12.4,0.0
2013-10-09,13.6,17.4,10.5,7.2
2013-10-10,13.2,19.7,7.1,0.0
2013-10-11,15.9,23.8,8.8,0.0
2013-10-12,17.2,24.9,10.3,0.0
2013-10-13,16.1,21.4,12.7,0.0
2013-10-14,19.3,29.1,10.6,0.0
2013-10-15,21.1,30.6,12.3,0.0
2013-10-16,21.1,30.3,12.8,0.0
2013-10-17,19.6,29.3,11.3,0.0
2013-10-18,20.4,30.9,11.0,0.0
2013-10-19,21.1,31.9,12.1,0.0
2013-10-20,19.1,27.2,12.7,0.0
2013-10-21,18.7,27.2,10.9,0.0
2013-10-22,18.9,27.8,11.4,0.0
2013-10-23,17.0,23.2,12.4,0.0
2013-10-24,17.1,23.6,13.7,0.0
2013-10-25,19.3,26.3,14.2,0.0
2013-10-26,20.7,29.9,11.9,0.0
2013-10-27,18.4,25.6,12.8,0.0
2013-10-28,14.0,16.7,11.9,0.8
2013-10-29,13.6,18.9,9.8,0.0
2013-10-30,14.4,22.6,7.5,0.0
2013-10-31,16.9,26.9,8.7,0.0
2013-11-01,19.7,30.0,11.0,0.0
2013-11-02,18.8,28.0,12.4,0.0
2013-11-03,15.6,21.1,11.4,0.0
2013-11-04,15.4,19.5,11.7,0.1
2013-11-05,15.9,25.1,8.2,0.0
2013-11-06,18.1,28.3,9.8,0.0
2013-11-07,20.0,29.3,12.4,0.0
2013-11-08,18.2,26.8,11.2,0.0
2013-11-09,16.9,25.2,9.7,0.0
2013-11-10,17.4,28.0,9.9,0.0
2013-11-11,17.8,28.2,9.2,0.0
2013-11-12,20.0,30.1,12.4,0.0
2013-11-13,22.9,33.3,14.9,0.0
2013-11-14,22.4,32.3,16.0,0.0
2013-11-15,16.3,19.8,12.8,0.0
2013-11-16,14.2,16.3,12.5,0.1
2013-11-17,14.5,19.7,11.2,0.0
2013-11-18,14.0,19.8,8.7,0.0
2013-11-19,14.2,18.3,12.1,0.0
2013-11-20,14.3,17.7,10.7,0.6
2013-11-21,14.1,16.5,11.9,8.3
2013-11-22,12.4,17.4,9.4,0.0
2013-11-23,12.4,17.6,9.4,0.0
2013-11-24,12.3,19.3,7.1,0.0
2013-11-25,13.5,22.3,7.3,0.0
2013-11-26,15.0,23.8,8.7,0.0
2013-11-27,16.1,22.9,11.5,0.0
2013-11-28,13.7,20.7,8.9,0.0
2013-11-29,12.9,17.8,9.2,4.7
2013-11-30,15.6,23.5,10.0,0.0
2013-12-01,16.5,26.6,9.2,0.0
2013-12-02,16.2,25.1,10.2,0.0
2013-12-03,13.3,18.2,8.1,0.0
2013-12-04,10.9,15.9,6.0,0.0
2013-12-05,8.9,14.8,4.2,0.0
2013-12-06,8.2,13.9,3.5,0.0
2013-12-07,7.6,12.2,4.6,3.0
2013-12-08,6.4,12.6,1.3,0.0
2013-12-09,6.5,15.3,0.3,0.0
2013-12-10,8.6,18.7,2.2,0.0
2013-12-11,10.9,21.9,2.9,0.0
2013-12-12,11.9,19.9,5.5,0.0
2013-12-13,10.8,18.5,4.8,0.0
2013-12-14,13.1,23.9,5.5,0.0
2013-12-15,16.1,27.2,7.8,0.0
2013-12-16,19.3,29.4,12.5,0.0
2013-12-17,19.2,28.6,12.2,0.0
2013-12-18,16.7,22.9,10.9,0.0
2013-12-19,10.3,12.3,6.8,2.2
2013-12-20,9.8,17.4,4.4,0.0
2013-12-21,9.3,15.1,4.4,0.0
2013-12-22,11.1,20.4,3.7,0.0
2013-12-23,13.9,24.1,6.8,0.0
2013-12-24,15.5,25.9,8.0,0.0
2013-12-25,16.3,26.9,9.4,0.0
2013-12-26,15.9,26.9,8.0,0.0
2013-12-27,16.5,28.1,8.0,0.0
2013-12-28,15.6,23.1,10.2,0.0
2013-12-29,14.5,24.3,8.0,0.0
2013-12-30,14.0,23.4,6.5,0.0
2013-12-31,12.8,22.6,5.0,0.0
2014-01-01,14.4,25.1,6.6,0.0
2014-01-02,16.7,26.7,9.4,0.0
2014-01-03,15.1,23.7,8.1,0.0
2014-01-04,14.8,20.8,9.2,0.0
2014-01-05,14.8,25.1,7.3,0.0
2014-01-06,15.3,25.5,8.2,0.0
2014-01-07,14.2,22.4,6.7,0.0
2014-01-08,12.5,19.6,5.8,0.0
2014-01-09,12.2,19.8,6.0,0.0
2014-01-10,13.9,23.2,7.0,0.0
2014-01-11,14.7,23.6,7.0,0.0
2014-01-12,14.6,22.6,7.9,0.0
2014-01-13,16.3,26.4,8.4,0.0
2014-01-14,18.0,29.0,9.7,0.0
2014-01-15,19.0,30.0,10.9,0.0
2014-01-16,19.1,29.9,10.8,0.0
2014-01-17,18.7,29.4,10.7,0.0
2014-01-18,18.3,28.9,10.3,0.0
2014-01-19,17.3,26.7,10.5,0.0
2014-01-20,16.7,27.8,7.3,0.0
2014-01-21,18.1,27.0,11.6,0.0
2014-01-22,17.9,26.1,11.0,0.0
2014-01-23,15.6,23.9,8.5,0.0
2014-01-24,16.3,23.7,11.5,0.0
2014-01-25,17.6,24.6,12.8,0.0
2014-01-26,15.2,20.6,11.3,0.0
2014-01-27,14.8,22.5,8.7,0.0
2014-01-28,15.4,23.0,8.9,0.0
2014-01-29,16.2,25.2,9.5,0.0
2014-01-30,13.4,16.6,10.4,0.2
2014-01-31,13.2,18.2,9.3,0.0
2014-02-01,11.0,18.4,4.5,0.0
2014-02-02,9.6,16.3,3.1,2.8
2014-02-03,10.5,17.5,4.5,0.7
2014-02-04,9.8,15.4,4.8,0.1
2014-02-05,10.9,17.8,5.2,0.0
2014-02-06,11.0,14.6,7.7,4.2
2014-02-07,12.1,16.7,8.8,0.0
2014-02-08,12.1,19.1,7.4,0.0
2014-02-09,13.4,17.5,10.7,0.0
2014-02-10,14.9,23.1,8.5,0.0
2014-02-11,16.3,25.6,8.7,0.0
2014-02-12,18.2,27.8,10.6,0.0
2014-02-13,18.9,28.6,10.6,0.0
2014-02-14,19.3,29.9,10.3,0.0
2014-02-15,18.7,28.2,10.5,0.0
2014-02-16,18.1,26.3,12.0,0.0
2014-02-17,15.2,23.1,9.4,0.0
2014-02-18,14.4,22.0,7.7,0.0
2014-02-19,15.9,23.8,8.7,0.0
2014-02-20,17.5,27.7,8.5,0.0
2014-02-21,17.9,27.3,10.3,0.0
2014-02-22,16.5,24.6,8.8,0.0
2014-02-23,16.2,23.9,9.0,0.0
2014-02-24,15.4,24.2,7.7,0.0
2014-02-25,14.4,21.8,8.5,0.0
2014-02-26,14.5,18.7,11.9,0.9
2014-02-27,14.9,19.3,12.0,13.3
2014-02-28,13.3,15.8,11.5,54.1
2014-03-01,12.1,15.4,10.8,20.8
2014-03-02,12.0,14.3,9.7,1.0
2014-03-03,13.3,19.5,8.3,0.0
2014-03-04,14.5,21.0,10.7,0.0
2014-03-05,15.7,22.3,10.2,0.0
2014-03-06,16.2,21.1,12.7,0.2
2014-03-07,16.1,23.5,9.9,0.0
2014-03-08,17.3,26.6,9.4,0.0
2014-03-09,18.5,26.8,11.1,0.0
2014-03-10,17.4,25.2,10.3,0.0
2014-03-11,16.7,24.4,9.9,0.0
2014-03-12,16.6,25.1,9.6,0.0
2014-03-13,14.8,22.7,9.4,0.0
2014-03-14,15.6,23.1,7.5,0.0
2014-03-15,18.8,29.6,9.4,0.0
2014-03-16,20.9,31.6,12.4,0.0
2014-03-17,18.3,26.1,10.6,0.0
2014-03-18,17.2,25.4,9.5,0.0
2014-03-19,17.5,26.3,8.8,0.0
2014-03-20,16.9,24.0,9.7,0.0
2014-03-21,14.5,19.8,9.0,0.0
2014-03-22,14.8,21.8,11.0,0.0
2014-03-23,15.9,22.9,10.0,0.0
2014-03-24,16.3,22.4,11.8,0.0
2014-03-25,15.2,20.3,11.9,0.0
2014-03-26,13.9,17.6,11.0,0.1
2014-03-27,14.0,19.0,9.3,0.0
2014-03-28,15.1,22.7,8.8,0.0
2014-03-29,17.2,25.7,9.1,0.0
2014-03-30,16.0,23.4,11.1,0.0
2014-03-31,13.6,19.7,8.0,0.3
2014-04-01,12.7,17.2,9.4,3.2
2014-04-02,11.6,16.6,8.2,1.9
2014-04-03,12.5,19.9,4.9,0.0
2014-04-04,13.3,18.3,9.5,0.0
2014-04-05,14.7,24.2,7.1,0.0
2014-04-06,18.8,29.2,8.8,0.0
2014-04-07,21.8,32.1,11.7,0.0
2014-04-08,23.2,33.1,12.8,0.0
2014-04-09,22.7,32.5,13.9,0.0
2014-04-10,21.1,30.9,11.5,0.0
2014-04-11,20.2,28.4,14.0,0.0
2014-04-12,14.2,19.8,10.1,0.0
2014-04-13,14.5,20.7,9.4,0.0
2014-04-14,19.7,29.7,9.0,0.0
2014-04-15,20.4,28.3,13.4,0.0
2014-04-16,18.3,25.5,12.8,0.0
2014-04-17,17.2,23.3,12.1,0.0
2014-04-18,17.0,22.6,13.6,0.7
2014-04-19,18.7,25.0,13.5,0.0
2014-04-20,19.5,27.3,11.7,0.0
2014-04-21,20.2,28.3,12.8,0.0
2014-04-22,17.6,23.1,13.0,0.0
2014-04-23,17.9,26.1,9.5,0.0
2014-04-24,18.6,27.5,9.8,0.0
2014-04-25,16.0,22.0,11.3,2.9
2014-04-26,13.9,20.7,8.6,1.1
2014-04-27,16.2,23.2,10.2,0.0
2014-04-28,20.5,30.5,9.8,0.0
2014-04-29,24.9,34.3,14.7,0.0
2014-04-30,25.2,34.4,15.8,0.0
2014-05-01,25.9,36.5,15.7,0.0
2014-05-02,26.2,36.2,15.7,0.0
2014-05-03,25.0,33.6,16.3,0.0
2014-05-04,21.3,28.9,15.0,0.0
2014-05-05,17.2,22.6,12.4,0.0
2014-05-06,15.2,19.5,11.1,0.1
2014-05-07,15.6,21.0,10.8,0.3
2014-05-08,16.3,23.0,10.5,0.0
2014-05-09,17.3,24.0,10.4,0.0
2014-05-10,18.4,24.6,12.2,0.0
2014-05-11,20.4,29.5,11.4,0.0
2014-05-12,23.8,33.9,13.4,0.0
2014-05-13,26.3,35.6,15.7,0.0
2014-05-14,28.3,38.7,17.0,0.0
2014-05-15,29.1,39.6,17.4,0.0
2014-05-16,27.4,36.2,18.2,0.0
2014-05-17,23.8,31.1,18.3,0.0
2014-05-18,20.1,25.7,15.4,0.0
2014-05-19,18.2,23.7,12.8,0.0
2014-05-20,16.2,20.1,12.4,0.0
2014-05-21,16.8,21.8,11.3,0.2
2014-05-22,17.4,21.8,13.8,0.1
2014-05-23,18.1,24.7,14.3,0.0
2014-05-24,18.1,24.7,13.9,0.0
2014-05-25,20.8,28.8,14.1,0.0
2014-05-26,21.9,29.8,14.2,0.0
2014-05-27,22.7,30.4,14.6,0.0
2014-05-28,21.5,29.0,15.9,0.0
2014-05-29,21.1,27.9,14.2,0.0
2014-05-30,22.9,30.9,14.1,0.0
2014-05-31,22.6,30.1,15.0,0.0
2014-06-01,22.3,30.1,14.1,0.0
2014-06-02,22.1,28.8,16.6,0.0
2014-06-03,22.5,31.2,12.8,0.0
2014-06-04,23.1,30.6,16.3,0.0
2014-06-05,22.4,29.8,15.0,0.0
2014-06-06,20.7,27.1,15.3,0.0
2014-06-07,20.0,26.9,13.7,0.0
2014-06-08,22.7,29.9,15.6,0.0
2014-06-09,24.0,31.9,18.3,0.0
2014-06-10,20.7,26.6,16.2,0.0
2014-06-11,20.4,28.2,14.7,0.0
2014-06-12,20.6,28.3,13.9,0.0
2014-06-13,20.3,27.0,13.1,0.0
2014-06-14,20.7,28.8,13.0,0.0
2014-06-15,19.8,26.9,13.3,0.0
2014-06-16,19.2,25.9,13.1,0.0
2014-06-17,19.0,25.2,12.8,0.0
2014-06-18,19.5,26.1,12.2,0.0
2014-06-19,22.7,30.4,13.8,0.0
2014-06-20,24.4,32.1,16.6,0.0
2014-06-21,23.8,30.7,17.8,0.0
2014-06-22,21.8,28.4,15.4,0.0
2014-06-23,21.5,27.7,14.7,0.0
2014-06-24,21.8,28.0,16.1,0.0
2014-06-25,22.1,28.1,16.0,0.0
2014-06-26,21.7,27.4,16.9,0.0
2014-06-27,22.0,28.4,15.3,0.0
2014-06-28,22.7,29.2,16.6,0.0
2014-06-29,23.8,31.5,17.6,0.0
2014-06-30,23.4,30.0,17.4,0.0
2014-07-01,23.7,31.0,18.2,0.0
2014-07-02,24.2,30.7,18.7,0.0
2014-07-03,25.7,34.2,17.7,0.0
2014-07-04,26.2,33.7,19.0,0.0
2014-07-05,27.0,34.3,20.8,0.1
2014-07-06,26.3,33.9,19.5,0.0
2014-07-07,25.7,33.2,19.4,0.2
2014-07-08,25.3,32.2,19.2,0.0
2014-07-09,24.6,31.7,19.1,0.0
2014-07-10,23.4,30.9,17.1,0.0
2014-07-11,23.6,30.9,16.7,0.0
2014-07-12,24.1,30.9,18.2,0.0
2014-07-13,25.7,33.0,19.6,0.0
2014-07-14,24.2,31.1,19.7,0.4
2014-07-15,22.4,26.2,18.9,13.9
2014-07-16,21.2,26.1,17.9,0.0
2014-07-17,20.1,25.4,16.9,0.0
2014-07-18,20.5,25.8,15.9,0.0
2014-07-19,21.5,26.8,16.2,0.1
2014-07-20,21.6,27.8,17.1,0.0
2014-07-21,22.7,28.9,17.2,0.0
2014-07-22,24.8,32.2,17.2,0.0
2014-07-23,27.4,35.9,19.6,0.0
2014-07-24,28.6,37.6,18.6,0.0
2014-07-25,26.1,32.8,19.5,0.0
2014-07-26,26.1,34.6,20.2,0.0
2014-07-27,25.9,32.8,20.1,0.0
2014-07-28,25.7,31.0,21.6,3.0
2014-07-29,26.9,33.0,20.6,0.0
2014-07-30,27.4,32.9,22.3,0.0
2014-07-31,27.7,35.0,21.8,0.1
2014-08-01,26.7,34.0,19.8,0.0
2014-08-02,26.0,31.6,20.9,0.0
2014-08-03,25.8,31.8,22.1,3.5
2014-08-04,24.8,30.6,20.6,0.0
2014-08-05,23.4,30.9,16.4,0.0
2014-08-06,22.0,28.4,16.3,0.0
2014-08-07,22.1,28.5,16.1,0.0
2014-08-08,23.0,30.7,15.7,0.0
2014-08-09,23.7,31.3,17.0,0.0
2014-08-10,24.8,33.3,17.0,0.0
2014-08-11,26.3,33.6,20.5,0.0
2014-08-12,25.4,32.2,20.2,0.0
2014-08-13,24.1,31.4,19.1,0.0
2014-08-14,24.4,32.4,16.5,0.0
2014-08-15,26.2,35.1,17.0,0.0
2014-08-16,27.1,35.7,18.6,0.0
2014-08-17,27.0,35.2,20.5,0.0
2014-08-18,25.8,34.1,19.5,0.0
2014-08-19,21.9,27.0,17.3,0.2
2014-08-20,22.0,28.1,16.4,0.0
2014-08-21,23.8,31.3,17.4,0.0
2014-08-22,24.1,31.0,18.4,0.0
2014-08-23,23.0,30.5,16.5,0.0
2014-08-24,22.5,30.7,15.3,0.0
2014-08-25,22.6,29.7,15.5,0.0
2014-08-26,24.2,31.5,16.7,0.0
2014-08-27,26.7,35.5,17.9,0.0
2014-08-28,28.1,36.6,19.7,0.0
2014-08-29,26.6,34.0,20.2,0.0
2014-08-30,27.1,35.2,21.1,0.0
2014-08-31,26.4,32.9,21.4,0.0
2014-09-01,24.7,32.3,18.2,0.0
2014-09-02,24.3,31.6,18.1,0.0
2014-09-03,23.4,30.8,16.4,0.0
2014-09-04,22.6,29.7,17.1,0.0
2014-09-05,24.3,33.1,15.7,0.0
2014-09-06,27.0,35.7,18.5,0.0
2014-09-07,28.1,35.9,21.1,0.0
2014-09-08,26.1,31.0,22.8,0.9
2014-09-09,26.1,32.9,21.7,2.4
2014-09-10,26.4,35.0,19.0,0.0
2014-09-11,27.7,35.8,20.4,0.0
2014-09-12,28.5,37.2,20.3,0.0
2014-09-13,29.5,37.9,21.1,0.0
2014-09-14,31.0,39.6,22.6,0.0
2014-09-15,30.9,39.4,22.4,0.0
2014-09-16,31.8,40.8,23.5,0.0
2014-09-17,29.8,35.8,24.7,0.0
2014-09-18,23.9,29.7,18.8,0.0
2014-09-19,22.2,28.4,18.1,0.1
2014-09-20,21.9,28.4,17.2,0.0
2014-09-21,21.9,29.0,17.5,0.0
2014-09-22,23.2,31.0,15.9,0.0
2014-09-23,24.6,33.3,17.0,0.0
2014-09-24,26.1,35.3,17.0,0.0
2014-09-25,26.5,32.2,21.9,0.1
2014-09-26,23.3,29.3,18.5,0.0
2014-09-27,19.7,25.2,14.6,0.0
2014-09-28,19.3,25.4,15.0,0.0
2014-09-29,21.3,28.9,14.0,0.0
2014-09-30,22.4,31.4,14.4,0.0
2014-10-01,22.5,31.0,14.8,0.0
2014-10-02,26.2,37.0,16.3,0.0
2014-10-03,27.2,38.2,17.5,0.0
2014-10-04,28.1,38.8,20.3,0.0
2014-10-05,26.2,37.0,17.0,0.0
2014-10-06,25.5,35.0,17.1,0.0
2014-10-07,25.4,33.8,17.4,0.0
2014-10-08,23.7,32.2,16.3,0.0
2014-10-09,21.0,27.0,16.1,0.0
2014-10-10,20.8,27.5,14.7,0.0
2014-10-11,22.0,30.8,13.9,0.0
2014-10-12,22.6,30.1,15.3,0.0
2014-10-13,22.2,31.0,14.4,0.0
2014-10-14,20.0,26.7,14.4,0.0
2014-10-15,19.3,25.2,16.0,0.1
2014-10-16,19.0,25.8,13.7,0.0
2014-10-17,18.3,24.7,13.0,0.0
2014-10-18,18.7,26.7,12.5,0.0
2014-10-19,20.0,26.8,14.9,0.0
2014-10-20,20.5,26.9,16.0,0.0
2014-10-21,20.0,27.9,13.3,0.0
2014-10-22,21.3,30.9,13.2,0.0
2014-10-23,22.3,31.5,13.8,0.0
2014-10-24,22.5,31.5,14.6,0.0
2014-10-25,21.9,27.8,16.8,0.0
2014-10-26,19.1,25.8,13.7,0.2
2014-10-27,18.9,26.5,12.8,0.0
2014-10-28,19.8,28.5,12.7,0.0
2014-10-29,21.2,31.6,13.4,0.0
2014-10-30,19.8,27.9,13.9,0.0
2014-10-31,17.5,21.2,13.6,0.9
2014-11-01,14.6,17.4,11.8,7.7
2014-11-02,13.6,20.7,8.0,0.0
2014-11-03,15.0,23.4,8.5,0.0
2014-11-04,16.7,27.3,8.5,0.0
2014-11-05,19.9,31.1,11.0,0.0
2014-11-06,21.8,32.4,13.8,0.0
2014-11-07,22.1,32.9,14.2,0.0
2014-11-08,22.4,32.7,14.3,0.0
2014-11-09,19.9,28.6,13.2,0.0
2014-11-10,16.3,21.1,12.4,0.0
2014-11-11,15.8,19.2,13.6,0.0
2014-11-12,15.7,20.1,13.0,0.0
2014-11-13,16.1,21.2,11.7,0.0
2014-11-14,17.2,21.6,13.5,0.6
2014-11-15,15.6,21.1,11.1,0.3
2014-11-16,15.4,22.9,9.4,0.0
2014-11-17,16.3,25.3,9.2,0.0
2014-11-18,17.1,26.5,10.1,0.0
2014-11-19,15.2,22.6,9.5,0.0
2014-11-20,14.3,20.3,8.6,0.5
2014-11-21,15.3,23.2,8.8,0.5
2014-11-22,15.1,22.1,9.1,0.0
2014-11-23,16.4,25.1,10.2,0.0
2014-11-24,16.9,26.3,9.9,0.0
2014-11-25,17.2,27.3,9.5,0.0
2014-11-26,19.6,30.9,11.3,0.0
2014-11-27,20.8,31.7,13.3,0.0
2014-11-28,18.5,27.8,10.9,0.0
2014-11-29,16.1,24.0,9.8,0.0
2014-11-30,15.5,18.9,13.0,1.5
2014-12-01,17.1,22.7,12.4,0.0
2014-12-02,14.6,16.2,13.4,33.9
2014-12-03,16.1,18.6,14.2,10.7
2014-12-04,16.1,19.1,12.3,0.0
2014-12-05,15.8,19.2,12.5,0.0
2014-12-06,15.6,21.2,10.6,0.0
2014-12-07,15.8,22.9,10.7,0.0
2014-12-08,16.8,24.5,11.8,0.0
2014-12-09,16.1,23.9,10.7,0.0
2014-12-10,15.3,21.9,10.1,0.0
2014-12-11,14.8,18.0,11.7,0.5
2014-12-12,12.6,14.2,9.9,41.2
2014-12-13,10.7,16.0,7.0,0.3
2014-12-14,10.2,16.0,5.6,0.0
2014-12-15,11.3,16.2,7.1,1.0
2014-12-16,11.5,14.2,8.7,8.4
2014-12-17,11.8,15.3,8.6,7.6
2014-12-18,10.8,15.7,7.2,0.0
2014-12-19,10.9,16.6,6.8,0.0
2014-12-20,11.3,16.4,6.9,0.0
2014-12-21,12.6,19.9,7.6,0.0
2014-12-22,14.3,22.9,8.6,0.0
2014-12-23,16.1,25.4,10.4,0.0
2014-12-24,14.8,21.4,9.8,0.0
2014-12-25,11.5,15.9,7.0,0.2
2014-12-26,8.5,15.4,3.5,0.0
2014-12-27,7.9,15.5,2.2,0.0
2014-12-28,8.2,15.1,3.3,0.0
2014-12-29,7.8,15.0,2.1,0.0
2014-12-30,7.8,12.4,4.2,4.2
2014-12-31,7.6,12.8,2.8,0.0
2015-01-01,5.8,13.2,-0.1,0.0
2015-01-02,6.8,14.1,0.8,0.0
2015-01-03,7.2,14.6,1.0,0.0
2015-01-04,9.6,19.5,2.2,0.0
2015-01-05,13.9,25.1,7.1,0.0
2015-01-06,16.6,28.2,8.9,0.0
2015-01-07,17.0,27.6,9.6,0.0
2015-01-08,15.2,22.9,9.7,0.0
2015-01-09,14.7,20.7,10.9,0.0
2015-01-10,12.9,16.9,8.7,0.8
2015-01-11,14.1,17.0,10.6,3.0
2015-01-12,12.5,18.9,7.7,0.0
2015-01-13,13.0,20.8,8.1,0.0
2015-01-14,13.1,22.4,6.5,0.0
2015-01-15,13.8,23.5,6.7,0.0
2015-01-16,14.5,24.0,7.4,0.0
2015-01-17,15.7,25.1,9.0,0.0
2015-01-18,16.0,24.6,9.5,0.0
2015-01-19,15.3,23.4,8.9,0.0
2015-01-20,13.8,19.4,9.9,0.0
2015-01-21,13.8,23.2,6.7,0.0
2015-01-22,14.6,23.9,7.0,0.0
2015-01-23,14.8,24.6,6.8,0.0
2015-01-24,16.6,26.3,9.6,0.0
2015-01-25,18.1,28.3,10.2,0.0
2015-01-26,16.3,24.9,12.4,6.3
2015-01-27,14.5,21.3,9.3,0.0
2015-01-28,15.6,23.8,9.8,0.0
2015-01-29,16.7,23.3,12.1,0.0
2015-01-30,15.4,21.2,11.6,0.0
2015-01-31,14.7,22.5,8.5,0.0
2015-02-01,15.6,24.8,9.0,0.0
2015-02-02,15.9,25.6,8.4,0.0
2015-02-03,15.4,24.0,8.1,0.0
2015-02-04,15.8,24.3,8.6,0.0
2015-02-05,16.6,26.6,8.5,0.0
2015-02-06,16.6,23.6,9.5,0.0
2015-02-07,14.8,19.4,9.5,2.2
2015-02-08,17.9,24.6,12.7,0.0
2015-02-09,17.3,23.9,13.0,0.0
2015-02-10,17.6,27.7,9.2,0.0
2015-02-11,19.6,29.5,11.2,0.0
2015-02-12,20.1,29.9,11.5,0.0
2015-02-13,20.8,31.3,12.3,0.0
2015-02-14,20.2,30.0,11.9,0.0
2015-02-15,18.7,27.6,10.6,0.0
2015-02-16,16.7,24.0,10.5,0.0
2015-02-17,15.9,22.2,10.1,0.0
2015-02-18,16.7,24.5,9.2,0.0
2015-02-19,16.5,24.0,10.1,0.0
2015-02-20,14.9,21.9,9.6,0.0
2015-02-21,13.9,19.2,9.5,0.2
2015-02-22,13.2,15.9,11.2,5.1
2015-02-23,11.3,15.2,7.6,2.6
2015-02-24,12.6,22.4,4.9,0.0
2015-02-25,13.7,21.8,7.0,0.0
2015-02-26,13.4,21.2,6.9,0.0
2015-02-27,12.7,17.3,7.1,0.4
2015-02-28,12.3,16.3,9.3,0.4
2015-03-01,11.2,15.6,7.8,15.0
2015-03-02,10.5,14.6,6.9,8.2
2015-03-03,11.4,18.0,5.9,0.0
2015-03-04,12.9,21.2,5.9,0.0
2015-03-05,14.4,24.0,5.9,0.0
2015-03-06,17.2,28.5,7.1,0.0
2015-03-07,19.2,29.9,10.2,0.0
2015-03-08,17.7,26.2,9.6,0.0
2015-03-09,17.4,25.0,9.9,0.0
2015-03-10,18.4,28.0,8.9,0.0
2015-03-11,19.5,24.1,15.3,0.0
2015-03-12,21.0,31.1,11.3,0.0
2015-03-13,23.1,33.2,13.7,0.0
2015-03-14,24.3,33.7,15.4,0.0
2015-03-15,24.6,33.2,16.5,0.0
2015-03-16,23.4,31.9,15.8,0.0
2015-03-17,21.0,28.0,15.0,0.0
2015-03-18,18.3,23.3,14.7,0.0
2015-03-19,18.4,25.8,13.7,0.1
2015-03-20,19.1,27.4,11.4,0.0
2015-03-21,18.5,25.1,13.4,0.0
2015-03-22,16.1,21.8,10.6,0.0
2015-03-23,16.5,23.6,10.4,0.0
2015-03-24,18.5,27.6,9.6,0.0
2015-03-25,21.5,31.0,11.8,0.0
2015-03-26,23.9,34.5,14.3,0.0
2015-03-27,24.0,33.6,14.1,0.0
2015-03-28,22.0,29.9,13.5,0.0
2015-03-29,20.7,29.0,12.3,0.0
2015-03-30,20.3,28.1,12.8,0.0
2015-03-31,19.0,25.7,12.9,0.0
2015-04-01,18.1,24.7,10.7,0.0
2015-04-02,18.0,26.2,10.2,0.0
2015-04-03,20.3,30.4,10.6,0.0
2015-04-04,19.9,28.5,11.3,0.0
2015-04-05,16.0,22.2,9.8,0.0
2015-04-06,13.7,18.6,9.6,0.0
2015-04-07,12.3,17.3,7.2,2.6
2015-04-08,14.6,23.0,7.5,0.0
2015-04-09,16.3,24.8,8.7,0.0
2015-04-10,15.3,22.8,8.2,0.0
2015-04-11,16.7,24.3,9.0,0.0
2015-04-12,18.1,26.6,9.2,0.0
2015-04-13,18.6,26.2,10.9,0.0
2015-04-14,18.2,26.5,10.3,0.0
2015-04-15,19.5,28.6,10.3,0.0
2015-04-16,19.8,28.6,11.1,0.0
2015-04-17,20.1,29.7,10.2,0.0
2015-04-18,19.9,28.2,11.2,0.0
2015-04-19,19.0,27.2,11.3,0.0
2015-04-20,16.8,23.4,11.1,0.0
2015-04-21,14.5,19.5,9.9,0.0
2015-04-22,15.0,19.1,10.1,0.0
2015-04-23,15.4,19.8,10.1,0.0
2015-04-24,14.5,17.7,11.7,0.0
2015-04-25,14.4,18.4,10.9,0.6
2015-04-26,17.7,26.1,9.6,0.0
2015-04-27,22.1,32.0,11.9,0.0
2015-04-28,23.7,33.6,12.4,0.0
2015-04-29,25.3,34.5,14.5,0.0
2015-04-30,25.1,33.5,16.2,0.0
2015-05-01,25.0,32.6,17.0,0.0
2015-05-02,23.0,31.4,15.2,0.0
2015-05-03,18.5,25.1,13.1,0.0
2015-05-04,16.5,22.3,11.5,0.0
2015-05-05,15.3,20.7,11.7,0.0
2015-05-06,15.1,19.4,11.3,0.0
2015-05-07,13.9,17.7,11.2,0.3
2015-05-08,12.8,16.6,9.0,6.3
2015-05-09,14.7,19.0,11.0,0.0
2015-05-10,17.9,25.1,8.7,0.0
2015-05-11,20.2,28.4,12.2,0.0
2015-05-12,17.2,23.2,11.2,0.0
2015-05-13,15.9,20.9,11.4,0.0
2015-05-14,13.1,17.6,10.4,8.2
2015-05-15,13.9,18.9,10.3,3.3
2015-05-16,15.2,20.2,10.3,0.0
2015-05-17,16.0,19.8,13.0,0.4
2015-05-18,15.9,19.2,13.1,1.0
2015-05-19,16.3,22.7,10.5,0.0
2015-05-20,16.7,22.3,12.5,0.0
2015-05-21,15.7,19.4,13.1,0.2
2015-05-22,15.6,19.3,12.3,0.1
2015-05-23,16.0,20.5,11.0,0.0
2015-05-24,16.6,22.0,13.0,0.0
2015-05-25,17.1,22.2,12.7,0.1
2015-05-26,17.7,23.3,14.0,0.0
2015-05-27,18.2,25.1,13.3,0.0
2015-05-28,19.7,27.2,12.5,0.0
2015-05-29,21.4,28.3,14.7,0.0
2015-05-30,22.4,29.4,16.8,0.0
2015-05-31,20.9,26.8,16.3,0.0
2015-06-01,19.6,26.4,13.2,0.0
2015-06-02,19.2,25.4,12.1,0.0
2015-06-03,18.0,22.9,13.3,0.1
2015-06-04,16.9,21.6,14.3,0.6
2015-06-05,17.8,23.8,14.3,0.0
2015-06-06,18.8,25.0,14.2,0.6
2015-06-07,22.3,31.3,12.4,0.0
2015-06-08,25.8,36.3,15.4,0.0
2015-06-09,26.0,32.0,20.0,0.0
2015-06-10,21.5,25.5,18.5,0.0
2015-06-11,20.6,26.3,16.6,0.0
2015-06-12,20.9,26.2,16.5,0.0
2015-06-13,20.9,26.2,16.4,0.0
2015-06-14,22.2,29.3,16.2,0.0
2015-06-15,23.4,30.9,16.3,0.0
2015-06-16,23.9,30.8,16.3,0.0
2015-06-17,24.3,31.4,15.6,0.0
2015-06-18,24.7,33.5,16.1,0.0
2015-06-19,25.9,33.6,18.3,0.0
2015-06-20,26.3,33.5,20.8,0.0
2015-06-21,24.7,30.5,18.6,0.0
2015-06-22,24.2,31.1,16.7,0.0
2015-06-23,24.4,31.6,17.4,0.0
2015-06-24,24.7,31.9,18.0,0.0
2015-06-25,24.8,31.9,17.4,0.0
2015-06-26,25.5,32.3,19.8,0.0
2015-06-27,24.6,31.1,18.6,0.0
2015-06-28,27.0,34.2,20.7,0.1
2015-06-29,27.6,34.8,22.4,0.0
2015-06-30,27.5,34.5,21.8,0.0
2015-07-01,26.6,34.6,21.2,0.2
2015-07-02,25.5,31.9,21.3,0.9
2015-07-03,25.0,32.4,19.2,0.0
2015-07-04,22.8,29.0,17.8,0.0
2015-07-05,21.7,27.9,16.3,0.0
2015-07-06,21.9,28.3,16.2,0.0
2015-07-07,21.4,27.8,15.3,0.0
2015-07-08,20.3,26.2,15.4,0.0
2015-07-09,19.6,23.4,17.1,0.1
2015-07-10,19.8,24.5,14.5,0.0
2015-07-11,21.3,27.6,15.5,0.0
2015-07-12,23.6,30.5,17.8,0.0
2015-07-13,23.8,31.5,16.0,0.0
2015-07-14,23.2,30.4,16.4,0.0
2015-07-15,22.3,29.1,15.4,0.0
2015-07-16,22.8,30.5,15.3,0.0
2015-07-17,24.1,32.6,16.0,0.0
2015-07-18,24.8,30.3,19.2,3.2
2015-07-19,26.3,33.1,21.4,4.3
2015-07-20,25.2,29.3,21.4,0.1
2015-07-21,23.2,26.9,20.9,0.0
2015-07-22,22.6,27.5,20.0,0.7
2015-07-23,23.1,28.3,19.2,0.0
2015-07-24,25.3,32.5,19.5,0.0
2015-07-25,25.6,33.1,18.3,0.0
2015-07-26,24.1,30.7,17.9,0.0
2015-07-27,22.5,29.2,16.7,0.0
2015-07-28,24.1,31.7,16.7,0.0
2015-07-29,24.6,31.8,17.3,0.0
2015-07-30,26.4,34.5,20.6,0.0
2015-07-31,25.6,33.2,20.5,0.0
2015-08-01,25.3,32.1,19.0,0.0
2015-08-02,25.4,32.6,19.6,0.0
2015-08-03,25.1,32.7,18.7,0.0
2015-08-04,26.5,33.2,18.9,0.0
2015-08-05,27.7,35.4,19.8,0.0
2015-08-06,26.6,33.9,21.1,0.0
2015-08-07,22.9,28.7,18.5,0.0
2015-08-08,21.7,28.7,15.9,0.0
2015-08-09,21.6,29.1,16.0,0.0
2015-08-10,21.6,29.4,15.5,0.0
2015-08-11,22.4,29.6,15.2,0.0
2015-08-12,25.9,35.3,15.8,0.0
2015-08-13,29.3,38.2,20.1,0.0
2015-08-14,30.2,38.2,23.3,0.0
2015-08-15,30.6,38.5,21.7,0.0
2015-08-16,30.4,38.1,23.0,0.0
2015-08-17,26.2,31.3,21.3,0.0
2015-08-18,23.9,30.2,19.0,0.0
2015-08-19,23.3,29.9,17.4,0.0
2015-08-20,22.9,29.4,17.3,0.0
2015-08-21,22.4,27.8,17.8,0.0
2015-08-22,23.5,30.2,17.4,0.0
2015-08-23,25.1,32.6,18.1,0.0
2015-08-24,26.2,34.0,18.6,0.0
2015-08-25,26.2,31.5,21.0,0.0
2015-08-26,28.1,34.8,21.9,0.0
2015-08-27,29.1,37.0,21.5,0.0
2015-08-28,29.7,38.2,22.1,0.0
2015-08-29,28.9,36.7,22.4,0.0
2015-08-30,26.9,33.4,21.7,0.0
2015-08-31,23.8,30.0,18.7,0.0
2015-09-01,22.6,29.7,17.2,0.0
2015-09-02,21.6,28.4,16.4,0.0
2015-09-03,20.6,27.4,15.8,0.0
2015-09-04,20.3,27.0,15.7,0.0
2015-09-05,22.0,29.7,14.2,0.0
2015-09-06,24.5,33.3,15.0,0.0
2015-09-07,27.8,35.5,20.2,0.0
2015-09-08,30.0,38.2,21.5,0.0
2015-09-09,31.2,39.3,24.7,0.2
2015-09-10,29.4,35.0,23.7,0.0
2015-09-11,29.0,35.7,23.8,0.0
2015-09-12,28.1,34.2,22.0,0.0
2015-09-13,26.7,33.1,21.8,0.0
2015-09-14,23.2,27.9,18.7,0.3
2015-09-15,21.8,25.7,18.3,15.1
2015-09-16,20.4,23.6,17.9,0.0
2015-09-17,21.2,26.9,15.7,0.0
2015-09-18,23.2,31.5,15.5,0.0
2015-09-19,25.4,34.7,17.0,0.0
2015-09-20,29.0,39.0,19.5,0.0
2015-09-21,25.8,35.9,20.9,0.0
2015-09-22,23.8,28.8,19.2,0.0
2015-09-23,24.8,32.9,17.2,0.0
2015-09-24,26.8,36.2,18.9,0.0
2015-09-25,27.8,36.4,20.0,0.0
2015-09-26,28.1,35.5,21.6,0.0
2015-09-27,26.5,34.6,19.2,0.0
2015-09-28,25.5,33.1,18.9,0.0
2015-09-29,24.4,32.1,17.0,0.0
2015-09-30,25.4,33.4,18.1,0.0
2015-10-01,24.3,30.3,18.6,0.0
2015-10-02,23.0,31.2,15.9,0.0
2015-10-03,21.8,28.6,15.7,0.0
2015-10-04,17.9,20.5,15.9,5.3
2015-10-05,18.7,22.7,15.1,0.0
2015-10-06,19.7,27.0,13.5,0.0
2015-10-07,22.2,31.1,15.2,0.0
2015-10-08,25.4,35.2,17.1,0.0
2015-10-09,28.5,38.5,19.7,0.0
2015-10-10,28.5,37.1,20.4,0.0
2015-10-11,28.4,37.5,20.0,0.0
2015-10-12,27.4,34.3,19.8,0.0
2015-10-13,26.9,33.2,22.6,0.0
2015-10-14,25.0,29.7,20.2,1.4
2015-10-15,23.1,26.7,20.9,4.4
2015-10-16,22.2,25.9,19.7,4.2
2015-10-17,22.3,26.4,19.2,0.1
2015-10-18,20.8,23.9,18.7,1.2
2015-10-19,19.2,23.8,15.9,0.1
2015-10-20,20.0,27.4,13.1,0.0
2015-10-21,21.3,29.8,14.1,0.0
2015-10-22,20.0,26.9,14.2,0.0
2015-10-23,21.4,30.2,13.5,0.0
2015-10-24,23.6,32.8,15.4,0.0
2015-10-25,23.2,30.4,17.5,0.0
2015-10-26,22.7,32.5,14.3,0.0
2015-10-27,21.8,29.9,14.6,0.0
2015-10-28,23.1,29.4,18.5,0.0
2015-10-29,21.1,29.0,14.3,0.0
2015-10-30,21.7,31.7,13.5,0.0
2015-10-31,23.0,32.6,15.4,0.0
2015-11-01,21.6,30.7,13.9,0.0
2015-11-02,17.5,22.5,13.8,0.8
2015-11-03,15.0,19.5,11.0,0.1
2015-11-04,13.7,20.9,7.5,0.0
2015-11-05,14.2,22.0,7.1,0.0
2015-11-06,16.3,25.8,8.5,0.0
2015-11-07,17.7,27.0,10.0,0.0
2015-11-08,16.8,25.1,10.0,0.0
2015-11-09,14.4,18.8,10.7,0.9
2015-11-10,13.6,19.3,7.5,0.0
2015-11-11,14.3,24.1,6.3,0.0
2015-11-12,15.3,25.7,6.6,0.0
2015-11-13,17.3,27.5,9.1,0.0
2015-11-14,16.8,25.8,9.8,0.0
2015-11-15,13.6,18.7,10.2,0.0
2015-11-16,11.7,17.3,8.3,0.0
2015-11-17,13.8,24.7,5.3,0.0
2015-11-18,16.4,26.7,8.4,0.0
2015-11-19,19.1,29.8,11.0,0.0
2015-11-20,20.2,30.4,11.9,0.0
2015-11-21,21.1,30.5,14.0,0.0
2015-11-22,20.3,29.6,12.8,0.0
2015-11-23,18.2,26.2,11.5,0.0
2015-11-24,14.8,19.9,10.2,0.0
2015-11-25,12.3,15.8,8.3,0.1
2015-11-26,10.5,15.6,5.5,0.0
2015-11-27,11.1,16.8,5.7,0.3
2015-11-28,10.3,17.1,3.9,0.0
2015-11-29,11.8,19.1,6.8,0.0
2015-11-30,10.8,19.7,3.4,0.0
2015-12-01,12.5,22.2,4.9,0.0
2015-12-02,15.3,25.5,7.6,0.0
2015-12-03,15.9,24.6,9.4,0.0
2015-12-04,13.2,19.0,8.9,0.0
2015-12-05,14.5,24.8,6.8,0.0
2015-12-06,17.0,26.6,10.4,0.0
2015-12-07,17.5,27.9,9.9,0.0
2015-12-08,19.4,28.8,12.0,0.0
2015-12-09,17.8,25.7,11.3,0.0
2015-12-10,15.3,20.0,10.2,0.0
2015-12-11,12.8,15.9,9.2,0.0
2015-12-12,11.2,19.2,4.4,0.0
2015-12-13,11.3,17.2,5.1,3.6
2015-12-14,9.0,14.0,4.7,0.0
2015-12-15,8.2,15.6,2.0,0.0
2015-12-16,8.4,16.6,1.9,0.0
2015-12-17,9.9,18.6,3.2,0.0
2015-12-18,12.2,21.9,5.0,0.0
2015-12-19,11.4,17.2,6.6,8.4
2015-12-20,9.4,14.6,4.3,0.0
2015-12-21,9.7,15.2,4.5,0.2
2015-12-22,13.1,15.9,11.2,7.0
2015-12-23,13.0,17.4,8.7,0.5
2015-12-24,9.7,15.2,5.1,0.0
2015-12-25,8.0,13.3,3.0,0.0
2015-12-26,7.1,15.2,1.2,0.0
2015-12-27,7.3,15.4,0.4,0.0
2015-12-28,5.9,11.9,0.4,0.0
2015-12-29,7.2,15.1,1.0,0.0
2015-12-30,8.0,16.1,1.2,0.0
2015-12-31,8.8,17.6,2.2,0.0
2016-01-01,9.3,17.5,2.6,0.0
2016-01-02,11.2,19.3,4.8,0.0
2016-01-03,10.8,16.7,5.7,0.0
2016-01-04,13.8,19.5,9.9,0.0
2016-01-05,10.9,13.0,7.2,28.1
2016-01-06,9.0,11.1,6.5,27.3
2016-01-07,9.0,12.5,5.4,8.7
2016-01-08,8.0,14.3,3.1,0.0
2016-01-09,8.6,12.7,4.2,0.0
2016-01-10,11.5,15.4,8.6,0.0
2016-01-11,10.4,17.3,5.0,0.0
2016-01-12,10.1,19.3,4.0,0.0
2016-01-13,9.8,17.0,4.2,0.0
2016-01-14,10.6,15.7,6.8,0.0
2016-01-15,10.8,16.6,6.5,0.0
2016-01-16,12.8,17.6,9.8,0.0
2016-01-17,12.6,19.0,7.5,0.0
2016-01-18,12.2,16.2,8.8,0.0
2016-01-19,13.2,16.4,11.2,1.6
2016-01-20,14.3,18.8,10.1,0.1
2016-01-21,14.0,22.8,8.4,0.0
2016-01-22,13.6,20.8,7.6,0.0
2016-01-23,13.0,16.9,10.0,0.1
2016-01-24,11.2,17.7,5.9,0.0
2016-01-25,12.4,20.8,6.4,0.0
2016-01-26,13.0,22.3,6.3,0.0
2016-01-27,12.8,21.5,7.0,0.0
2016-01-28,14.1,23.3,7.0,0.0
2016-01-29,15.3,23.7,9.2,0.0
2016-01-30,13.6,19.0,8.8,0.0
2016-01-31,10.9,12.2,7.4,11.7
2016-02-01,8.2,13.5,4.1,0.0
2016-02-02,7.6,14.5,1.5,0.0
2016-02-03,9.1,16.7,2.7,0.0
2016-02-04,10.8,20.3,3.6,0.0
2016-02-05,13.1,23.0,6.0,0.0
2016-02-06,14.7,25.3,7.1,0.0
2016-02-07,17.4,28.7,9.2,0.0
2016-02-08,19.7,30.1,12.2,0.0
2016-02-09,20.1,31.6,11.2,0.0
2016-02-10,20.1,31.0,11.9,0.0
2016-02-11,19.9,30.6,11.5,0.0
2016-02-12,18.9,29.9,9.8,0.0
2016-02-13,17.7,28.0,9.0,0.0
2016-02-14,19.5,30.2,10.7,0.0
2016-02-15,22.1,32.5,13.7,0.0
2016-02-16,21.7,32.2,13.3,0.0
2016-02-17,17.4,24.3,12.7,7.9
2016-02-18,14.4,19.1,10.4,4.6
2016-02-19,12.8,19.4,6.8,0.0
2016-02-20,14.0,22.6,7.0,0.0
2016-02-21,15.5,25.4,7.9,0.0
2016-02-22,17.2,27.6,9.0,0.0
2016-02-23,18.4,28.1,10.5,0.0
2016-02-24,18.4,28.4,9.9,0.0
2016-02-25,18.5,28.8,9.6,0.0
2016-02-26,18.1,27.7,10.0,0.0
2016-02-27,18.1,27.9,10.4,0.0
2016-02-28,18.5,28.1,11.1,0.0
2016-02-29,19.5,29.3,11.7,0.0
2016-03-01,18.9,27.7,11.5,0.0
2016-03-02,17.6,24.9,10.8,0.0
2016-03-03,16.6,23.5,10.8,0.0
2016-03-04,15.2,22.1,10.0,0.0
2016-03-05,15.5,19.4,12.3,1.2
2016-03-06,14.1,18.2,10.6,13.6
2016-03-07,10.7,13.6,7.4,7.4
2016-03-08,12.1,20.8,5.7,0.0
2016-03-09,14.9,23.1,7.7,0.0
2016-03-10,16.9,24.8,9.5,0.0
2016-03-11,12.9,18.6,7.7,8.7
2016-03-12,11.9,17.7,6.9,0.0
2016-03-13,12.2,17.5,6.4,0.0
2016-03-14,14.9,20.5,11.6,0.4
2016-03-15,16.7,25.9,8.8,0.0
2016-03-16,19.6,29.1,11.1,0.0
2016-03-17,18.9,27.0,11.1,0.0
2016-03-18,17.6,24.1,10.9,0.0
2016-03-19,17.0,23.5,11.6,0.0
2016-03-20,16.7,24.1,10.1,0.0
2016-03-21,15.4,21.2,9.9,0.0
2016-03-22,15.7,22.3,9.2,0.0
2016-03-23,17.0,26.5,7.8,0.0
2016-03-24,18.9,29.3,9.8,0.0
2016-03-25,18.5,26.7,10.5,0.0
2016-03-26,18.6,27.7,9.6,0.0
2016-03-27,17.6,24.1,12.4,0.0
2016-03-28,14.2,18.7,10.8,0.5
2016-03-29,12.2,17.9,6.2,0.1
2016-03-30,12.3,18.7,7.0,0.4
2016-03-31,14.5,23.8,6.0,0.0
2016-04-01,15.9,23.9,7.9,0.0
2016-04-02,18.7,26.5,9.6,0.0
2016-04-03,20.1,28.4,11.0,0.0
2016-04-04,20.1,28.3,12.0,0.0
2016-04-05,21.6,32.3,11.2,0.0
2016-04-06,21.9,34.2,13.2,0.0
2016-04-07,17.3,20.3,14.4,2.0
2016-04-08,14.8,16.7,13.5,4.8
2016-04-09,14.6,17.9,13.1,16.1
2016-04-10,15.4,19.6,11.5,0.4
2016-04-11,15.6,20.4,11.8,0.1
2016-04-12,16.2,22.1,10.4,0.0
2016-04-13,16.2,22.0,11.7,0.0
2016-04-14,16.5,22.6,11.1,0.0
2016-04-15,17.7,26.0,9.7,0.0
2016-04-16,20.0,30.5,9.5,0.0
2016-04-17,21.9,32.8,11.8,0.0
2016-04-18,22.4,31.8,12.5,0.0
2016-04-19,23.5,32.3,14.1,0.0
2016-04-20,23.2,30.7,14.2,0.0
2016-04-21,21.0,28.9,13.3,0.0
2016-04-22,18.1,24.2,12.3,0.0
2016-04-23,19.0,27.3,11.0,0.0
2016-04-24,17.7,23.6,11.0,0.0
2016-04-25,16.0,21.2,11.2,0.0
2016-04-26,15.3,21.7,8.0,0.0
2016-04-27,16.6,23.3,9.8,0.0
2016-04-28,16.2,22.7,11.2,0.0
2016-04-29,15.8,22.2,9.9,0.0
2016-04-30,15.9,22.4,12.0,0.3
2016-05-01,16.9,23.4,10.5,0.0
2016-05-02,19.4,27.1,11.3,0.0
2016-05-03,20.5,29.8,12.7,0.0
2016-05-04,17.5,23.7,13.3,0.0
2016-05-05,15.0,17.9,12.7,0.1
2016-05-06,14.8,19.5,10.5,6.1
2016-05-07,15.4,19.1,11.8,0.1
2016-05-08,15.7,20.4,10.6,0.0
2016-05-09,15.9,20.8,12.1,0.0
2016-05-10,16.5,23.1,11.5,0.0
2016-05-11,18.8,26.1,12.2,0.0
2016-05-12,21.0,29.2,13.6,0.0
2016-05-13,20.0,27.7,14.2,0.0
2016-05-14,17.8,23.7,13.8,0.0
2016-05-15,16.8,21.8,13.8,0.0
2016-05-16,17.2,23.9,13.0,0.1
2016-05-17,18.4,23.9,14.5,0.0
2016-05-18,19.6,25.9,14.5,0.0
2016-05-19,18.3,24.2,14.0,0.0
2016-05-20,15.8,19.6,13.3,0.8
2016-05-21,15.3,19.3,11.2,0.0
2016-05-22,16.7,23.8,9.3,0.0
2016-05-23,16.5,22.5,10.7,0.0
2016-05-24,15.9,19.9,12.3,0.2
2016-05-25,16.4,22.3,12.6,0.0
2016-05-26,17.5,25.7,10.5,0.0
2016-05-27,18.9,26.5,12.5,0.0
2016-05-28,18.6,25.0,13.6,0.0
